ite,Acuracia,tExecS,MediaAcCumulativa,MediaTCumulativa
1,0.9692049272116461,1.790933609008789,0.9692049272116461,1.790933609008789
2,0.9720044792833147,2.2927818298339844,0.9706047032474804,2.0418577194213867
3,0.9692049272116461,1.7785511016845703,0.9701381112355355,1.954088846842448
4,0.9720044792833147,2.1517350673675537,0.9706047032474803,2.0035004019737244
5,0.9708846584546472,2.060901403427124,0.9706606942889137,2.014980602264404
6,0.975363941769317,1.960068941116333,0.9714445688689809,2.0058286587397256
7,0.9703247480403135,1.9643020629882812,0.9712845944648857,1.9998962879180908
8,0.9697648376259799,1.7968261241912842,0.9710946248600224,1.97451251745224
9,0.9658454647256439,1.7722446918487549,0.9705113848450915,1.9520383146074083
10,0.961926091825308,1.9215292930603027,0.9696528555431131,1.9489874124526978
11,0.9647256438969765,1.6083714962005615,0.9692049272116461,1.918022329157049
12,0.9686450167973124,2.322098970413208,0.9691582680104517,1.9516953825950623
13,0.9736842105263158,1.833719253540039,0.9695064174347489,1.9426202957446759
14,0.9697648376259799,1.8793041706085205,0.9695248760198368,1.9380977153778076
15,0.9742441209406495,2.16133975982666,0.969839492347891,1.9529805183410645
16,0.9692049272116461,1.9592506885528564,0.9697998320268757,1.9533724039793015
17,0.9664053751399776,1.575380563735962,0.9696001580923523,1.9311375898473404
18,0.9708846584546472,1.860271692276001,0.9696715192235908,1.9272005955378215
19,0.9675251959686451,1.534907579421997,0.9695585548417516,1.9065535946896202
20,0.9669652855543113,2.0742263793945312,0.9694288913773796,1.9149372339248658
21,0.9703247480403135,2.1502673625946045,0.9694715512184716,1.9261434305281866
22,0.9680851063829787,1.8131909370422363,0.9694085309986765,1.9210092262788252
23,0.9692049272116461,1.8999443054199219,0.96939967866011,1.9200933601545251
24,0.9725643896976484,1.7973737716674805,0.9695315416200074,1.9149800439675648
25,0.9669652855543113,1.6661226749420166,0.9694288913773796,1.905025749206543
26,0.9720044792833147,1.8922665119171143,0.9695279524506848,1.9045350093107958
27,0.9720044792833147,1.7943041324615479,0.969619675666708,1.9004523842423051
28,0.9815229563269877,2.024446964263916,0.9700447928331466,1.9048807621002197
29,0.9720044792833147,2.1946475505828857,0.97011236822798,1.9148727203237599
30,0.9703247480403135,1.9951982498168945,0.9701194475550577,1.9175502379735312
31,0.973124300111982,1.7135648727416992,0.9702163782827005,1.9109700649015364
32,0.9697648376259799,1.935673475265503,0.970202267637178,1.9117420464754105
33,0.9708846584546472,2.1448957920074463,0.9702229461467984,1.9188073114915327
34,0.9591265397536394,2.042583465576172,0.9698965812528819,1.9224477866116692
35,0.9720044792833147,1.945641040802002,0.9699568069108943,1.9231104510171073
36,0.9664053751399776,1.7551162242889404,0.9698581560283688,1.9184439447191026
37,0.9613661814109743,1.753671646118164,0.9696286432008716,1.9139906393515098
38,0.9703247480403135,2.061826705932617,0.969646961749278,1.9178810621562756
39,0.9680851063829787,2.0982749462127686,0.9696069141757832,1.9225065463628523
40,0.971444568868981,1.8350813388824463,0.9696528555431131,1.9203209161758423
41,0.9680851063829787,1.6287932395935059,0.9696146177587196,1.9132104850396878
42,0.9720044792833147,2.259701728820801,0.9696715192235908,1.9214602765582858
43,0.9742441209406495,2.067274332046509,0.9697778587984062,1.9248513011045234
44,0.9675251959686451,1.9227948188781738,0.9697266619159116,1.9248045628721064
45,0.9664053751399776,1.499192237854004,0.9696528555431131,1.9153465112050374
46,0.9686450167973124,2.0965282917022705,0.9696309460051609,1.9192852455636729
47,0.9680851063829787,1.5929443836212158,0.9695980558004336,1.9123418229691527
48,0.9686450167973124,1.9686651229858398,0.9695782008212018,1.9135152250528336
49,0.9602463605823068,2.0186731815338135,0.9693877551020408,1.9156613057973433
50,0.9641657334826428,2.0399255752563477,0.9692833146696529,1.9181465911865234
51,0.971444568868981,3.3282744884490967,0.969325692202973,1.945796157799515
52,0.9736842105263158,1.9647440910339355,0.9694095098630373,1.9461605411309462
53,0.9725643896976484,2.21872878074646,0.9694690358976525,1.951303338104824
54,0.9697648376259799,2.106736660003662,0.9694745137074364,1.9541817329548024
55,0.9602463605823068,1.715017318725586,0.9693067291051615,1.9498332890597256
56,0.9725643896976484,1.9729430675506592,0.9693649016157415,1.9502459636756353
57,0.9697648376259799,1.805307388305664,0.9693719180369738,1.9477031816516006
58,0.9624860022396416,2.0837693214416504,0.9692531953508129,1.9500491495790153
59,0.9624860022396416,1.8861243724822998,0.969138497162488,1.9489656787807659
60,0.973124300111982,2.012195110321045,0.9692049272116462,1.9500195026397704
61,0.971444568868981,1.6336853504180908,0.9692416426486518,1.9448336968656446
62,0.9641657334826428,1.9528052806854248,0.9691597731459742,1.9449622707982217
63,0.971444568868981,1.7348356246948242,0.9691960397447521,1.941626927209279
64,0.9675251959686451,1.8028895854949951,0.9691699328107505,1.9394591562449932
65,0.9692049272116461,1.6132774353027344,0.969170471186149,1.9344409759228045
66,0.9692049272116461,1.7776498794555664,0.9691709932471414,1.9320653532490586
67,0.9652855543113102,1.5744223594665527,0.9691130016212335,1.9267273981179764
68,0.9736842105263158,2.082941770553589,0.9691802252816023,1.929024668300853
69,0.9596864501679732,1.9558255672454834,0.9690426343379266,1.9294130871261375
70,0.9736842105263158,1.8906688690185547,0.9691089425691893,1.9288595982960293
71,0.9664053751399776,1.7559819221496582,0.9690708641546932,1.9264247014488973
72,0.9686450167973124,1.9665677547454834,0.969064949608063,1.9269822438557942
73,0.9686450167973124,1.8793079853057861,0.9690591971038061,1.9263291718208626
74,0.9764837625979843,1.8825531005859375,0.9691595290699435,1.925737603290661
75,0.9725643896976484,1.7250783443450928,0.9692049272116463,1.92306214650472
76,0.9748040313549832,1.5933964252471924,0.969278599634585,1.9187244396460683
77,0.9781634938409854,1.9818356037139893,0.9693939878710316,1.919544065153444
78,0.9680851063829787,1.5290532112121582,0.9693772073391335,1.9145377721541967
79,0.9708846584546472,1.8424856662750244,0.9693962889988235,1.9136257201810427
80,0.9664053751399776,2.091226816177368,0.9693589025755879,1.9158457338809967
81,0.9708846584546472,2.237484931945801,0.969377739067922,1.919816588178093
82,0.9692049272116461,1.9476423263549805,0.9693756316062601,1.9201559264485428
83,0.9736842105263158,1.7968895435333252,0.9694275421956583,1.9186707893049861
84,0.9664053751399776,2.1337544918060303,0.969391564016424,1.9212313095728557
85,0.9647256438969765,1.6165547370910645,0.9693366708385482,1.9176468793083639
86,0.9675251959686451,1.9815318584442139,0.9693156071772703,1.918389727902967
87,0.9669652855543113,2.021226406097412,0.9692885919862018,1.919571758686811
88,0.973124300111982,2.5231685638427734,0.9693321795785401,1.926430813290856
89,0.9703247480403135,1.7817037105560303,0.9693433320331668,1.9248046660691165
90,0.9703247480403135,1.870304822921753,0.9693542366554684,1.924199112256368
91,0.9703247480403135,1.968555212020874,0.9693649016157414,1.92468654192411
92,0.9630459126539753,1.7246606349945068,0.9692962169531135,1.9225123472835706
93,0.9647256438969765,1.7600202560424805,0.9692470710062735,1.920765120496032
94,0.9697648376259799,1.96042799949646,0.9692525791618022,1.9211870660173131
95,0.9725643896976484,1.871758222579956,0.9692874403253374,1.9206667624021831
96,0.973124300111982,1.9106347560882568,0.9693274076147816,1.9205622623364131
97,0.973124300111982,2.166656017303467,0.9693665508364022,1.9230993113566919
98,0.9652855543113102,1.7404534816741943,0.9693249080147175,1.9212355784007482
99,0.975363941769317,1.6728169918060303,0.9693859083556731,1.9187262997482761
100,0.9764837625979843,2.167287588119507,0.9694568868980962,1.9212119126319884
101,0.9725643896976484,2.146759033203125,0.9694876542525472,1.9234450524396236
102,0.9692049272116461,1.7923717498779297,0.9694848824188129,1.9221600200615676
103,0.9697648376259799,2.1737523078918457,0.969487600430533,1.9246026636327354
104,0.9692049272116461,2.0092685222625732,0.9694848824188129,1.9254167584272532
105,0.9680851063829787,1.9372379779815674,0.9694715512184715,1.9255293414706276
106,0.9686450167973124,2.0098302364349365,0.9694637537239322,1.926324632932555
107,0.9675251959686451,2.1488301753997803,0.9694456363617333,1.9284041239836505
108,0.9680851063829787,1.7933011054992676,0.96943303886193,1.9271531701087952
109,0.9686450167973124,2.2756755352020264,0.9694258093017042,1.9303506229995588
110,0.9636058230683091,1.8711042404174805,0.969372900335946,1.9298120195215398
111,0.9680851063829787,1.949031114578247,0.9693612985886219,1.9299851645220507
112,0.973124300111982,2.3944649696350098,0.969394896816509,1.9341323056391306
113,0.977043673012318,1.9577863216400146,0.9694625851014277,1.9343416332143597
114,0.9759238521836506,1.9038951396942139,0.9695192628828507,1.9340745587097972
115,0.9776035834266518,1.8856799602508545,0.9695895613223621,1.9336537361145019
116,0.9680851063829787,2.1062686443328857,0.9695765918832294,1.9351417956681087
117,0.9703247480403135,1.8415372371673584,0.9695829863802985,1.934341756706564
118,0.9736842105263158,1.9211599826812744,0.9696177425171291,1.934230046757197
119,0.973124300111982,1.939788818359375,0.969647209387674,1.9342767591236019
120,0.9680851063829787,2.0097267627716064,0.9696341918626349,1.934905509154002
121,0.9720044792833147,2.0781900882720947,0.9696537810148719,1.936089679229358
122,0.9636058230683091,1.8858864307403564,0.9696042075890804,1.9356781771925629
123,0.9703247480403135,1.9530136585235596,0.9696100656415294,1.9358191160651725
124,0.9647256438969765,1.9999587535858154,0.9695706751435895,1.936336371206468
125,0.9748040313549832,1.868906021118164,0.9696125419932806,1.9357969284057617
126,0.9624860022396416,1.91621994972229,0.969555982153966,1.9356415555590676
127,0.9675251959686451,1.981818437576294,0.9695399917115619,1.9360051530552662
128,0.9759238521836506,1.7467756271362305,0.9695898656215002,1.9345267973840237
129,0.9658454647256439,1.9711527824401855,0.9695608392579664,1.9348107197488
130,0.9703247480403135,1.9988348484039307,0.9695667154793691,1.9353032130461472
131,0.9686450167973124,1.6570932865142822,0.9695596796115671,1.9331794731489576
132,0.9652855543113102,2.1885697841644287,0.969527299874444,1.935114248232408
133,0.9563269876819709,2.3607916831970215,0.9694280494068312,1.9383148304501872
134,0.9703247480403135,2.078518867492676,0.9694347411876783,1.9393611292340862
135,0.9658454647256439,1.5959680080413818,0.9694081539546262,1.9368174764845105
136,0.9742441209406495,1.6134874820709229,0.9694437125354058,1.934440050054999
137,0.9720044792833147,2.0169811248779297,0.9694624042634928,1.9350425396522466
138,0.9658454647256439,1.7080602645874023,0.9694361945566968,1.9333977405575737
139,0.9692049272116461,1.985841989517212,0.9694345307628476,1.9337750373126792
140,0.9703247480403135,2.235414743423462,0.9694408894576867,1.935929606642042
141,0.9664053751399776,1.7531466484069824,0.9694193609873483,1.9346332736049139
142,0.9675251959686451,1.9455924034118652,0.9694060217970757,1.9347104505753854
143,0.9697648376259799,1.991208553314209,0.9694085309986764,1.9351055422029295
144,0.9652855543113102,1.5913591384887695,0.9693798992161253,1.932718414399359
145,0.9686450167973124,1.6211082935333252,0.9693748310615129,1.9305693790830414
146,0.9708846584546472,1.7383427619934082,0.9693851723450275,1.929252758418044
147,0.9613661814109743,1.6756839752197266,0.9693306213862924,1.9275278007092118
148,0.9669652855543113,2.0937130451202393,0.9693146393874278,1.9286506739822593
149,0.9708846584546472,2.194711208343506,0.9693251764281474,1.930436315152469
150,0.9708846584546472,1.8787386417388916,0.9693355729749907,1.9300916639963785
151,0.9652855543113102,1.7670187950134277,0.9693087516593374,1.9290117112216572
152,0.975363941769317,1.960705280303955,0.9693485884363767,1.9292202215445668
153,0.9748040313549832,1.925703763961792,0.9693842449260408,1.9291972381616729
154,0.9664053751399776,1.7224125862121582,0.9693649016157416,1.9278544806814812
155,0.958006718924972,1.7265336513519287,0.9692916230177366,1.9265556366212906
156,0.9748040313549832,1.8020124435424805,0.9693269589686164,1.9257572828195033
157,0.9748040313549832,1.973301649093628,0.9693618447799945,1.9260601131779373
158,0.9630459126539753,2.0846476554870605,0.9693218705260324,1.927063831800147
159,0.9725643896976484,2.064739942550659,0.9693422637283695,1.9279297192891438
160,0.9697648376259799,2.15057110786438,0.9693449048152296,1.9293212279677392
161,0.9697648376259799,2.1215288639068604,0.9693475130935572,1.9305150642158082
162,0.9736842105263158,1.9834866523742676,0.9693742828307965,1.9308420493278975
163,0.9725643896976484,2.1342241764068604,0.9693938540385686,1.9320897924388114
164,0.9692049272116461,1.9332268238067627,0.9693927020457216,1.9320967255569086
165,0.9725643896976484,2.4574029445648193,0.9694119243951272,1.935280399611502
166,0.9703247480403135,1.767357587814331,0.9694174233327488,1.9342688164079045
167,0.9680851063829787,1.7854397296905518,0.9694094453869418,1.9333776242718725
168,0.9652855543113102,2.0516860485076904,0.9693848984162536,1.9340818410828
169,0.9680851063829787,2.0312530994415283,0.9693772073391336,1.9346568189429107
170,0.9708846584546472,2.007641077041626,0.9693860746986367,1.9350861381081974
171,0.971444568868981,1.545531988143921,0.969398112676241,1.9328080436639619
172,0.9652855543113102,1.9968645572662354,0.9693742024531891,1.9331804652546727
173,0.9697648376259799,1.6613361835479736,0.9693764604599682,1.9316091110251543
174,0.9736842105263158,1.7364704608917236,0.9694012176442577,1.9304876245301346
175,0.9725643896976484,1.8730230331420898,0.9694192929131342,1.9301592554364886
176,0.9686450167973124,1.5821573734283447,0.9694148936170216,1.9281819720159878
177,0.9664053751399776,2.1810803413391113,0.9693978906877727,1.9296107763624462
178,0.9664053751399776,1.5855956077575684,0.9693810788026728,1.927678106875902
179,0.9641657334826428,1.829444169998169,0.9693519427952982,1.9271293139324508
180,0.9669652855543113,2.524385690689087,0.969338683588404,1.930447404914432
181,0.9697648376259799,1.7719154357910156,0.9693410380306005,1.929571537681706
182,0.9708846584546472,1.8965935707092285,0.9693495194615018,1.9293903400609782
183,0.9680851063829787,2.1503822803497314,0.969342610100417,1.9305979462920642
184,0.9708846584546472,2.129763126373291,0.9693509907979944,1.9316803657490274
185,0.9692049272116461,1.5116245746612549,0.9693502012650952,1.9294097939053096
186,0.9725643896976484,2.0675048828125,0.969367481848066,1.9301522406198646
187,0.9742441209406495,1.9862253665924072,0.9693935601319835,1.9304520969084877
188,0.9692049272116461,1.7006611824035645,0.969392556765386,1.9292298048100573
189,0.9680851063829787,1.7611994743347168,0.969385639038495,1.928340755442463
190,0.9708846584546472,1.936110019683838,0.9693935286143694,1.9283816463068912
191,0.9686450167973124,1.8304657936096191,0.9693896097043325,1.92786899786345
192,0.9680851063829787,2.059937000274658,0.9693828154162004,1.928556852042675
193,0.9664053751399776,2.120912551879883,0.9693673882645102,1.9295535136998627
194,0.9720044792833147,2.18287992477417,0.9693809815171844,1.9308593199425137
195,0.973124300111982,2.2124440670013428,0.9694001780227988,1.932303344286405
196,0.9692049272116461,2.0017201900482178,0.9693991818451909,1.9326575118668226
197,0.9703247480403135,2.3166701793670654,0.96940388015075,1.9346068147475344
198,0.973124300111982,2.5764389038085938,0.9694226701505541,1.9378483909549136
199,0.9636058230683091,1.8812799453735352,0.9693934397632062,1.9375641274092785
200,0.9647256438969765,2.042088031768799,0.969370100783875,1.938086746931076
201,0.9624860022396416,1.9544661045074463,0.9693358515373863,1.938168236272252
202,0.9703247480403135,1.9310200214385986,0.9693407470646286,1.9381328490701053
203,0.9680851063829787,1.6703345775604248,0.9693345616425515,1.9368136457621759
204,0.9686450167973124,1.9627728462219238,0.9693311815207611,1.9369408967448216
205,0.9680851063829787,2.038896322250366,0.9693251031054548,1.937438240283873
206,0.973124300111982,1.9213743209838867,0.96934354580937,1.9373602600930964
207,0.973124300111982,1.7320525646209717,0.9693618103229091,1.936368435477289
208,0.9708846584546472,2.0701370239257812,0.9693691317081579,1.9370115536909838
209,0.9759238521836506,1.754056692123413,0.9694004940070837,1.9361361715782202
210,0.973124300111982,1.9988389015197754,0.9694182264171071,1.9364347560065134
211,0.971444568868981,1.9025294780731201,0.9694278299358363,1.936274067485502
212,0.9708846584546472,1.842076301574707,0.9694347017684721,1.935829738401017
213,0.9697648376259799,1.9473974704742432,0.9694362517020755,1.9358840470022998
214,0.9703247480403135,2.129586935043335,0.9694404035541234,1.9367892006847347
215,0.9708846584546472,1.870920181274414,0.969447121018777,1.9364828331525936
216,0.9692049272116461,1.78202223777771,0.9694459997511514,1.9357677378036358
217,0.9630459126539753,1.9763455390930176,0.9694165062622243,1.9359547322796238
218,0.9748040313549832,1.9857776165008545,0.9694412196800809,1.936183277620088
219,0.9686450167973124,1.9058008193969727,0.9694375840504793,1.9360445449341377
220,0.9703247480403135,2.213895559310913,0.9694416166140696,1.9373075040903958
221,0.9686450167973124,1.7901275157928467,0.9694380120900119,1.9366415312926695
222,0.9692049272116461,1.9164044857025146,0.9694369621581274,1.9365503734296508
223,0.9703247480403135,1.6760458946228027,0.9694409432607382,1.9353821919103373
224,0.9703247480403135,1.971449375152588,0.9694448888177899,1.9355432061212403
225,0.9725643896976484,1.9917678833007812,0.9694587532661448,1.9357930935753715
226,0.9686450167973124,2.2844972610473633,0.9694551526623004,1.9373360323694955
227,0.9647256438969765,1.9131243228912354,0.9694343178219246,1.9372293728563754
228,0.9669652855543113,2.02645206451416,0.9694234887330315,1.9376207004513657
229,0.9759238521836506,1.8641738891601562,0.9694518745996281,1.9372999720177797
230,0.973124300111982,2.097295045852661,0.9694678416670731,1.9379956027735834
231,0.9736842105263158,2.13637113571167,0.9694860943461175,1.938854371314441
232,0.9720044792833147,1.5685348510742188,0.9694969494536055,1.9372581664858193
233,0.9725643896976484,1.6641662120819092,0.9695101144331937,1.9360860980119827
234,0.9708846584546472,2.05924916267395,0.9695159885529435,1.9366124358951535
235,0.9759238521836506,1.6107141971588135,0.969543256057755,1.9352256348792543
236,0.9641657334826428,1.7089905738830566,0.9695204699451486,1.9342670117394398
237,0.9680851063829787,1.8998513221740723,0.9695144135588104,1.9341217978594172
238,0.9692049272116461,1.9340035915374756,0.9695131131960072,1.934121301194199
239,0.9692049272116461,2.1195569038391113,0.9695118237149011,1.9348971823768137
240,0.9652855543113102,1.6258876323699951,0.9694942142590528,1.9336096425851186
241,0.9641657334826428,1.9580671787261963,0.9694721043803125,1.9337111261375712
242,0.9703247480403135,2.027007579803467,0.9694756277012216,1.9340966486733806
243,0.9742441209406495,2.1309618949890137,0.9694952511301905,1.9349067937199471
244,0.9703247480403135,2.062835693359375,0.9694986507076911,1.935431092488961
245,0.9680851063829787,1.6781890392303467,0.9694928811390188,1.9343811249246403
246,0.9647256438969765,2.2448842525482178,0.9694735021258397,1.9356433327605085
247,0.9697648376259799,1.8883113861083984,0.9694746816217917,1.9354517054461275
248,0.9658454647256439,1.7631819248199463,0.9694600476826943,1.934757069233925
249,0.9652855543113102,2.2334227561950684,0.9694432826490743,1.9359565298241306
250,0.9748040313549832,1.8720245361328125,0.969464725643898,1.9357008018493653
251,0.9692049272116461,1.9757368564605713,0.9694636905903831,1.9358603080430354
252,0.9703247480403135,2.221210241317749,0.9694671074850256,1.9369926490480938
253,0.975363941769317,1.844426155090332,0.9694904151304182,1.936626773577905
254,0.971444568868981,1.6737723350524902,0.9694981086490739,1.9355919135837105
255,0.973124300111982,2.049137592315674,0.969512329007752,1.9360371907552083
256,0.9697648376259799,1.872110366821289,0.9695133153695419,1.9357874765992165
257,0.9703247480403135,1.9410886764526367,0.9695164726951091,1.9358081038360002
258,0.9776035834266518,1.7690038681030273,0.9695478180855415,1.9351615757905236
259,0.9664053751399776,2.036242723464966,0.9695356851011957,1.9355518504919693
260,0.9720044792833147,1.5752677917480469,0.9695451804634346,1.9341661425737233
261,0.975363941769317,1.9182476997375488,0.9695674745680549,1.934105152371286
262,0.9720044792833147,2.235628843307495,0.9695767761127697,1.9352560061534851
263,0.973124300111982,1.7390620708465576,0.9695902647971774,1.934510021608592
264,0.9720044792833147,1.7084026336669922,0.9695994095490188,1.9336535542300253
265,0.9675251959686451,2.07753586769104,0.9695915823279607,1.9341965063562934
266,0.9664053751399776,1.7097985744476318,0.9695796041054494,1.9333529051085163
267,0.9703247480403135,1.8910138607025146,0.9695823949067036,1.9331943319084939
268,0.9736842105263158,2.1675913333892822,0.9695977001888663,1.934068947585661
269,0.973124300111982,2.0363194942474365,0.9696108102257551,1.9344490611420244
270,0.971444568868981,1.7150819301605225,0.9696176019244338,1.9336365902865376
271,0.9658454647256439,1.7368364334106445,0.969603682598977,1.932910390445667
272,0.9708846584546472,1.8894877433776855,0.9696083920690346,1.9327507483608581
273,0.9658454647256439,2.0389509201049805,0.9695946084523921,1.9331397599789686
274,0.9686450167973124,2.0871527194976807,0.9695911427894174,1.9337018510721025
275,0.973124300111982,2.0729994773864746,0.9696039906342268,1.934208387895064
276,0.9703247480403135,1.935504674911499,0.9696066020741038,1.9342130845871524
277,0.9708846584546472,2.0960986614227295,0.9696112159960552,1.9347975090522629
278,0.973124300111982,2.3093481063842773,0.9696238529892779,1.9361448133592125
279,0.9742441209406495,1.7079646587371826,0.9696404130894619,1.9353269633426462
280,0.971444568868981,2.1874048709869385,0.9696468565029602,1.936227241584233
281,0.9680851063829787,2.03419828414917,0.9696412986733519,1.936575892981261
282,0.9624860022396416,2.0298562049865723,0.969615925281743,1.936906674229507
283,0.9742441209406495,1.8786888122558594,0.9696322793300076,1.936700957402745
284,0.9725643896976484,1.87821364402771,0.969642603662288,1.9364950161584666
285,0.9686450167973124,1.7872116565704346,0.9696391033574987,1.9359712148967543
286,0.9680851063829787,1.6616911888122559,0.9696336698016438,1.9350121938265288
287,0.9725643896976484,2.2194511890411377,0.9696438813692257,1.936003270464907
288,0.971444568868981,1.9547538757324219,0.9696501337563777,1.9360683767331972
289,0.9697648376259799,1.8596653938293457,0.9696505306555805,1.9358040065501387
290,0.9680851063829787,1.908121109008789,0.9696451326408474,1.9357085482827547
291,0.9636058230683091,1.7080848217010498,0.9696243789997047,1.9349263361639173
292,0.9675251959686451,1.6118979454040527,0.9696171900167214,1.933820074551726
293,0.9686450167973124,1.9803154468536377,0.9696138720193856,1.933978761829207
294,0.9742441209406495,1.971754550933838,0.9696296211653762,1.9341072509077941
295,0.9692049272116461,1.7460904121398926,0.9696281815248551,1.9334699056916318
296,0.9686450167973124,1.724050760269165,0.9696248600223972,1.932762408578718
297,0.9692049272116461,1.667207956314087,0.9696234461072095,1.9318682858438203
298,0.9680851063829787,1.6140823364257812,0.9696182838933699,1.930801890040404
299,0.9675251959686451,1.8870859146118164,0.9696112835993073,1.9306556827647232
300,0.9624860022396416,1.7509217262268066,0.9695875326614417,1.9300565695762635
301,0.9669652855543113,1.7188689708709717,0.9695788208770325,1.92935494964701
302,0.971444568868981,1.9881982803344727,0.9695849988505159,1.9295497951128624
303,0.9675251959686451,1.8367793560028076,0.9695782008212027,1.9292436220464926
304,0.9680851063829787,1.9787914752960205,0.9695732893263402,1.929406608405866
305,0.9641657334826428,2.0188815593719482,0.9695555596350492,1.929699968900837
306,0.9736842105263158,2.002816677093506,0.9695690519582233,1.9299389123916626
307,0.9647256438969765,1.5967788696289062,0.969553275384734,1.9288537005259858
308,0.975363941769317,1.8729007244110107,0.9695721411846839,1.928672035019119
309,0.9669652855543113,1.9491875171661377,0.9695637047586957,1.928738428165226
310,0.9697648376259799,1.789980411529541,0.9695643535743965,1.9282908216599495
311,0.9703247480403135,1.7959623336791992,0.9695667985726792,1.9278653281294649
312,0.971444568868981,1.6762971878051758,0.9695728170672187,1.9270590199873998
313,0.9664053751399776,2.0219082832336426,0.9695626974444479,1.9273620527773239
314,0.9647256438969765,2.111713409423828,0.9695472928153159,1.9279491590086821
315,0.9725643896976484,1.8925554752349854,0.9695568709006567,1.9278367981078133
316,0.9697648376259799,2.058525562286377,0.9695575290232051,1.9282503701463531
317,0.9725643896976484,2.3679537773132324,0.9695670143881088,1.9296374471405704
318,0.9692049272116461,2.1135947704315186,0.9695658757491891,1.930215929289284
319,0.9708846584546472,1.8557145595550537,0.9695700098642531,1.929982382675697
320,0.971444568868981,1.894965410232544,0.969575867861143,1.9298729546368123
321,0.9697648376259799,2.0803873538970947,0.9695764565519992,1.9303418468463458
322,0.9708846584546472,2.447160243988037,0.9695805192908272,1.9319468729244256
323,0.9692049272116461,1.5731196403503418,0.9695793564670526,1.930835952699738
324,0.9703247480403135,2.166820764541626,0.9695816570583281,1.9315643008844352
325,0.9664053751399776,1.8327000141143799,0.9695718838831947,1.9312601030789889
326,0.971444568868981,1.818615436553955,0.9695776283156665,1.9309145672921022
327,0.9669652855543113,1.906585931777954,0.9695696394998825,1.930840167795117
328,0.975363941769317,1.992929458618164,0.969587305055582,1.93102946441348
329,0.9680851063829787,1.714707612991333,0.9695827391021699,1.930371951187273
330,0.977043673012318,2.058819055557251,0.9696053479928066,1.9307611848368789
331,0.9708846584546472,2.2757749557495117,0.9696092129790962,1.931803522513352
332,0.9692049272116461,2.4516921043395996,0.9696079952508809,1.9333694519766842
333,0.9686450167973124,1.8900387287139893,0.9696051034236931,1.933239329684604
334,0.9686450167973124,1.5930869579315186,0.9696022289128357,1.932220909409894
335,0.9697648376259799,2.0790677070617676,0.9696027143119794,1.9326592580596014
336,0.971444568868981,1.9922327995300293,0.9696081960219706,1.9328365602663584
337,0.9686450167973124,1.6217896938323975,0.9696053379233811,1.931913572532133
338,0.9720044792833147,2.174294948577881,0.9696124359747419,1.9326306771949904
339,0.971444568868981,2.005793571472168,0.9696178404965539,1.9328464969421206
340,0.9708846584546472,1.8145785331726074,0.9696215664317246,1.9324986499898573
341,0.975363941769317,2.137498617172241,0.9696384062420988,1.9330998229141458
342,0.9708846584546472,2.4655563831329346,0.9696420502544162,1.9346567134411015
343,0.9669652855543113,2.088214159011841,0.9696342462756986,1.9351044027867887
344,0.9720044792833147,1.9103295803070068,0.96964113648793,1.9350323829539986
345,0.973124300111982,2.104358196258545,0.9696512326143766,1.9355231824128525
346,0.9630459126539753,2.0228705406188965,0.9696321420942599,1.9357756314250085
347,0.9686450167973124,1.8303446769714355,0.9696292973527701,1.935471795821396
348,0.9759238521836506,1.8923566341400146,0.9696473851540083,1.9353479016786335
349,0.9680851063829787,2.0844149589538574,0.9696429087105384,1.9357750279172443
350,0.973124300111982,1.595592975616455,0.9696528555431139,1.934803079196385
351,0.9692049272116461,2.1172797679901123,0.9696515793940214,1.9353229558026348
352,0.9703247480403135,1.902355670928955,0.9696534918049483,1.9352292987433346
353,0.9686450167973124,1.8489656448364258,0.9696506349352383,1.9349849257860914
354,0.9725643896976484,1.9872798919677734,0.9696588658808949,1.93513265167926
355,0.9764837625979843,2.015564203262329,0.9696780909420697,1.935359219430198
356,0.9647256438969765,1.8149065971374512,0.9696641795739656,1.9350208693675781
357,0.9686450167973124,1.9827110767364502,0.969661324776272,1.935154455382617
358,0.9641657334826428,2.159804105758667,0.9696459739626025,1.9357819683724942
359,0.9703247480403135,1.5503063201904297,0.969647864698195,1.9347082200488672
360,0.9675251959686451,1.5680749416351318,0.9696419683961683,1.9336897942754958
361,0.9708846584546472,1.724958896636963,0.9696454107509009,1.9331115923429791
362,0.9630459126539753,1.5870695114135742,0.9696271800931746,1.9321556749923454
363,0.9692049272116461,1.9940247535705566,0.969626016862096,1.932326113225343
364,0.9748040313549832,1.705458402633667,0.969640242176637,1.9317028502841571
365,0.9630459126539753,1.5414350032806396,0.9696221755204105,1.9306336233060655
366,0.9664053751399776,1.7321114540100098,0.9696133864483327,1.9300912130074424
367,0.9675251959686451,1.8340108394622803,0.9696076965560175,1.9298294136244853
368,0.9669652855543113,1.9336013793945312,0.9696005160913389,1.9298396635314692
369,0.9720044792833147,2.012897253036499,0.9696070308967373,1.930064751849911
370,0.9686450167973124,1.8575177192687988,0.9696044308586307,1.929868678788881
371,0.9708846584546472,1.7558929920196533,0.9696078816068678,1.929399741627778
372,0.9692049272116461,2.0790460109710693,0.9696067983961281,1.9298020165453675
373,0.973124300111982,1.9318499565124512,0.9696162286956344,1.9298075070010434
374,0.9697648376259799,1.77907133102417,0.9696166260457155,1.9294044690973617
375,0.9664053751399776,2.1320691108703613,0.9696080627099668,1.9299449081420899
376,0.9686450167973124,2.1269187927246094,0.969605501417646,1.9304687748564051
377,0.9720044792833147,1.7030880451202393,0.9696118647541597,1.9298656429472905
378,0.9703247480403135,2.0607001781463623,0.9696137506887791,1.9302117660562828
379,0.9664053751399776,1.6046082973480225,0.9696052853179379,1.9293526540016437
380,0.9636058230683091,1.9706897735595703,0.9695894972593863,1.9294614358952171
381,0.9664053751399776,1.7109146118164062,0.9695811399834823,1.9288878221837242
382,0.9720044792833147,1.8824119567871094,0.9695874838036389,1.9287661576146231
383,0.9647256438969765,2.187211513519287,0.9695747897046659,1.9294409496665934
384,0.9669652855543113,2.1003570556640625,0.9695679941209411,1.9298860436926286
385,0.9725643896976484,2.023935556411743,0.9695757769665948,1.9301303281412496
386,0.9658454647256439,1.8939697742462158,0.9695661129452452,1.9300366479498117
387,0.9720044792833147,1.8912436962127686,0.9695724136334574,1.9299364077644448
388,0.9720044792833147,2.2262637615203857,0.9695786818438952,1.93070013805763
389,0.9748040313549832,1.6703128814697266,0.969592114618988,1.9300307620766843
390,0.9686450167973124,1.618821144104004,0.969589686163035,1.929232788697267
391,0.9725643896976484,1.8299508094787598,0.9695972941004637,1.928978870591849
392,0.9748040313549832,2.0267441272735596,0.96961057659346,1.9292282717568534
393,0.9680851063829787,1.6272051334381104,0.969606694989871,1.9284597650435742
394,0.9703247480403135,2.078075408935547,0.9696085174595421,1.9288395001803558
395,0.9742441209406495,1.81599760055542,0.9696202531645576,1.9285538244851028
396,0.9664053751399776,1.6129467487335205,0.9696121347857076,1.9277568369200735
397,0.9703247480403135,2.042919158935547,0.9696139297813111,1.9280469183357296
398,0.9658454647256439,2.008418083190918,0.9696044612761461,1.9282488559358684
399,0.9720044792833147,1.840904951095581,0.9696104763588709,1.9280299489061934
400,0.973124300111982,2.103395700454712,0.9696192609182536,1.9284683632850648
401,0.9720044792833147,1.947580099105835,0.9696252090937276,1.9285160234741439
402,0.9630459126539753,1.7462663650512695,0.9696088426846735,1.928062666114883
403,0.9680851063829787,1.8553941249847412,0.9696050617012947,1.9278823471542623
404,0.9748040313549832,1.626688003540039,0.9696179304380612,1.9271368166007619
405,0.971444568868981,1.8728561401367188,0.9696224406564092,1.9270027902391222
406,0.9697648376259799,1.908571481704712,0.9696227913878613,1.926957392927461
407,0.9736842105263158,1.8256604671478271,0.9696327703046634,1.9267085061319338
408,0.971444568868981,1.6725835800170898,0.9696372109874192,1.926085650920868
409,0.9748040313549832,2.059278964996338,0.9696498438000539,1.9264113069455022
410,0.9680851063829787,2.0751194953918457,0.9696460273673294,1.926774009844152
411,0.9697648376259799,1.5565993785858154,0.9696463164433845,1.925873341641577
412,0.9675251959686451,1.899770736694336,0.9696411680927175,1.9258099858043263
413,0.9692049272116461,1.7723422050476074,0.9696401118193978,1.9254383931148427
414,0.9703247480403135,1.7316086292266846,0.9696417655300763,1.924970205279364
415,0.9680851063829787,1.881542682647705,0.9696380145441797,1.9248655606465168
416,0.9602463605823068,2.1017818450927734,0.9696154384529252,1.9252908401764357
417,0.9720044792833147,1.973994255065918,0.9696211675676264,1.9254076349363625
418,0.971444568868981,2.005311965942383,0.9696255297716967,1.9255987936229797
419,0.9776035834266518,2.238544225692749,0.9696445704725437,1.9263456800957
420,0.9703247480403135,1.9521138668060303,0.9696461899429432,1.9264070329212006
421,0.971444568868981,2.1296887397766113,0.9696504616268531,1.9268898873317837
422,0.973124300111982,1.770514965057373,0.9696586934716045,1.9265193306439297
423,0.9675251959686451,1.5612895488739014,0.9696536497422831,1.9256559032638585
424,0.9720044792833147,2.0760364532470703,0.969659194151578,1.9260105743723095
425,0.9692049272116461,2.109675645828247,0.9696581252881898,1.9264427274816176
426,0.9708846584546472,2.029719352722168,0.9696610044740266,1.926685160874201
427,0.9692049272116461,1.9136850833892822,0.9696599363773933,1.9266547157278664
428,0.9658454647256439,1.9708528518676758,0.96965102406045,1.9267579824010903
429,0.9692049272116461,1.9804317951202393,0.9696499842076556,1.9268830961836523
430,0.9781634938409854,2.053138017654419,0.969669783067268,1.927176712280096
431,0.9664053751399776,2.010016918182373,0.9696622090349541,1.9273689169341617
432,0.9692049272116461,2.400676965713501,0.969661150512215,1.9284645374174472
433,0.9658454647256439,1.9609496593475342,0.9696523383048558,1.928539560793729
434,0.975363941769317,1.9199306964874268,0.969665498681502,1.9285197247008574
435,0.9636058230683091,2.2304494380950928,0.969651568392736,1.9292138159960166
436,0.9697648376259799,1.9441628456115723,0.9696518281845553,1.9292481027611899
437,0.9686450167973124,2.010924816131592,0.9696495242683374,1.929435005995447
438,0.9585666293393057,1.709153413772583,0.9696242208552575,1.9289320799858058
439,0.9708846584546472,1.9498624801635742,0.9696270920115203,1.9289797574349579
440,0.975363941769317,1.8198766708374023,0.9696401303064244,1.928731795874509
441,0.9703247480403135,1.8499228954315186,0.9696416827275897,1.9285530908848423
442,0.9720044792833147,2.080833673477173,0.9696470284211547,1.9288976170898022
443,0.9697648376259799,1.8178942203521729,0.9696472943561543,1.9286470450881372
444,0.9658454647256439,1.8505146503448486,0.9696387316768063,1.9284710712261028
445,0.9703247480403135,2.134573459625244,0.9696402732866118,1.9289342226607076
446,0.9720044792833147,2.0413761138916016,0.9696455741969184,1.929186334524454
447,0.9675251959686451,1.9570176601409912,0.9696408306214636,1.929248596997869
448,0.9664053751399776,2.0641016960144043,0.9696336086226209,1.9295496083796024
449,0.9697648376259799,1.7386362552642822,0.9696339008921162,1.9291244116020627
450,0.9708846584546472,1.8730056285858154,0.9696366803533661,1.92899970319536
