ite,tExecS,MediaTCumulativa,Acuracia,MediaAcCumulativa
1,9.00683307647705,9.00683307647705,0.996412317028168,0.996412317028168
2,8.3603241443634,8.68357861042023,0.996699331665915,0.996555824347042
3,8.4174108505249,8.59485602378845,0.996596826438148,0.996569491710744
4,8.83632206916809,8.65522253513336,0.996644662211106,0.996588284335834
5,8.53602528572083,8.63138308525085,0.996487487528531,0.996568124974374
6,8.93832206726074,8.6825395822525,0.996542156983339,0.996563796975868
7,8.64788746833801,8.67758928026472,0.996706165347766,0.996584135314711
8,8.20385527610779,8.6183725297451,0.996726666393319,0.996601951699537
9,8.87745428085327,8.64715939097934,0.996576325392595,0.996599104332099
10,8.38132405281067,8.62057585716247,0.996589992756297,0.996598193174519
11,8.32652044296265,8.59384354678067,0.996193639208933,0.996561415541284
12,8.89900994300842,8.61927407979965,0.996651495892957,0.996568922237256
13,8.992018699646,8.64794674286476,0.996425984391871,0.996557927018381
14,8.23911595344543,8.61874454362052,0.996487487528531,0.996552895626248
15,8.35237550735474,8.60098660786947,0.996651495892957,0.996559468977362
16,8.27806377410889,8.58080393075943,0.996569491710744,0.996560095398199
17,8.64462471008301,8.58455809424905,0.996487487528531,0.996555824347042
18,8.31011438369751,8.56931122144063,0.996432818073722,0.996548990665191
19,8.96950793266296,8.59037420624181,0.996528489619637,0.996547911662793
20,8.58680629730225,8.59019581079483,0.996801836893682,0.996560607924338
21,8.21795678138733,8.57247014272781,0.996555824347042,0.996560380134942
22,9.03977560997009,8.59371130032973,0.996528489619637,0.996558930566065
23,8.79094839096069,8.60228682600934,0.996282477072997,0.996546910848975
24,8.20839643478394,8.58587472637494,0.996685664302213,0.99655269224286
25,8.25317335128784,8.57256667137146,0.99673350007517,0.996559924556152
26,8.23252511024475,8.55948814978966,0.996473820164828,0.996556612848794
27,8.59976291656494,8.56097980781838,0.996507988574084,0.99655481194973
28,8.97224593162537,8.57566788366863,0.99667199693851,0.996558997127901
29,8.9618444442749,8.58898431679298,0.996521655937786,0.996557709500656
30,8.61429405212402,8.58982797463735,0.996268809709295,0.99654807950761
31,8.91780924797058,8.60040801571262,0.996316645482253,0.996540613893889
32,8.91198778152466,8.61014488339424,0.996494321210382,0.99653916724753
33,8.90337109565735,8.61903052619009,0.996596826438148,0.99654091449573
34,8.96484470367432,8.62920153141022,0.996596826438148,0.996542558964625
35,10.1500270366669,8.67265368870326,0.996261976027444,0.996534542309277
36,9.01156330108643,8.6820678446028,0.996439651755573,0.996531906460563
37,8.23779726028442,8.67006053151311,0.99679500321183,0.99653901718357
38,8.45014715194702,8.664273337314,0.996583159074446,0.996540178812277
39,9.06423926353455,8.67452887388376,0.996528489619637,0.996539879089389
40,8.3814263343811,8.66720131039619,0.996548990665191,0.996540106878784
41,8.93128156661987,8.67364229225531,0.996412317028168,0.996536990053159
42,8.92688417434692,8.67967186087654,0.996596826438148,0.996538414728992
43,8.20340061187744,8.66859578531842,0.996439651755573,0.996536117915657
44,8.84307718276978,8.67256127162413,0.996535323301488,0.996536099856244
45,8.78862309455872,8.6751404232449,0.996692497984064,0.996539575370196
46,8.91838502883911,8.68042834945347,0.996501154892233,0.996538740142414
47,8.33360600471497,8.67304915062925,0.996439651755573,0.996536631878864
48,8.9102931022644,8.67799173295498,0.996658329574808,0.99653916724753
49,8.91026377677917,8.68273197874731,0.996473820164828,0.996537833633597
50,8.20986652374268,8.67327466964722,0.996562658028893,0.996538330121503
51,8.71496438980103,8.67409211514043,0.996480653846679,0.996537199214153
52,8.73400139808655,8.67524421673555,0.996439651755573,0.996535323301488
53,8.17560505867004,8.66581706280978,0.996507988574084,0.996534807551915
54,8.24276852607727,8.65798283064807,0.996446485437424,0.996533171957202
55,8.45922875404358,8.65436912016435,0.996576325392595,0.996533956565118
56,8.18291282653809,8.64595025777817,0.996576325392595,0.996534713151323
57,8.53925490379333,8.64407840946264,0.996548990665191,0.996534963634022
58,8.16718459129333,8.63585610225283,0.996624161165553,0.996536501522497
59,8.80633950233459,8.63874565140676,0.996432818073722,0.996534744175908
60,8.29697680473328,8.6330495039622,0.996350813891508,0.996531678671168
61,8.89546227455139,8.63735135266038,0.996439651755573,0.996530170033207
62,8.86588215827942,8.64103733339617,0.996630994847404,0.996531796239888
63,8.17840600013733,8.6336939789,0.996460152801126,0.996530659042447
64,8.34177613258362,8.62913276255131,0.996644662211106,0.996532440341957
65,8.7325177192688,8.63072330034696,0.996651495892957,0.996534271965819
66,8.88973474502563,8.63464771617543,0.996583159074446,0.996535012679586
67,8.82810425758362,8.63753512724122,0.996384982300764,0.996532773420201
68,8.35295414924622,8.63335011285894,0.996432818073722,0.996531303488635
69,8.28554916381836,8.62830951939458,0.996501154892233,0.996530866552455
70,8.84672451019287,8.63142973354885,0.996501154892233,0.996530442100166
71,8.82376790046692,8.6341387218153,0.996630994847404,0.996531858336043
72,8.92871069908142,8.63822999927733,0.996343980209657,0.996529248917621
73,8.20374894142151,8.63227820396423,0.996432818073722,0.996527927947156
74,8.24523448944092,8.6270478834977,0.996617327483702,0.996529136049002
75,8.88450264930725,8.6304806137085,0.996760834802575,0.996532225365716
76,8.98186159133911,8.63510404762469,0.996282477072997,0.99652893920397
77,8.893803358078,8.63846377892928,0.996337146527806,0.996526448389993
78,8.36415314674377,8.63494697595254,0.996630994847404,0.996527788729191
79,8.37639951705933,8.63167422330832,0.996596826438148,0.996528662624241
80,8.93399667739868,8.63545325398445,0.996774502166277,0.996531735618517
81,8.32691144943237,8.63164409590356,0.996446485437424,0.996530683147145
82,8.4113335609436,8.62895738206259,0.996542156983339,0.996530823071977
83,8.76831579208374,8.63063639905079,0.996699331665915,0.996532853296
84,8.86885023117065,8.6334722780046,0.996603660119999,0.996533696234381
85,8.16784715652466,8.62799433539895,0.99641915071002,0.996532348639977
86,8.80823063850403,8.63009010636529,0.996391815982615,0.99653071453931
87,8.16757345199585,8.62477382298174,0.996555824347042,0.996531003157789
88,8.27336883544922,8.62078058448705,0.996589992756297,0.996531673494136
89,8.23565149307251,8.61645329132509,0.996637828529255,0.99653286624734
90,8.44708681106567,8.61457144154443,0.996747167438873,0.99653524737169
91,8.21119070053101,8.61013868614867,0.996651495892957,0.996536524827968
92,8.97348070144653,8.61408805588017,0.996583159074446,0.996537031721951
93,8.3742094039917,8.61150871553729,0.996576325392595,0.996537454234539
94,8.84618592262268,8.61400528157011,0.996425984391871,0.996536268385149
95,8.91655564308167,8.6171900222176,0.996439651755573,0.996535251367995
96,8.9404079914093,8.62055687606335,0.996678830620362,0.996536746985207
97,8.32173991203308,8.6174762888053,0.996487487528531,0.996536239155757
98,8.85947370529175,8.61994565019802,0.996542156983339,0.996536299541753
99,8.64242124557495,8.62017267641395,0.996466986482977,0.996535599409846
100,8.33381009101868,8.61730905056,0.996432818073722,0.996534571596485
101,8.88445067405701,8.61995401712928,0.996507988574084,0.996534308398243
102,8.95272397994995,8.62321646774516,0.996548990665191,0.996534452342037
103,8.35790085792542,8.62064058803818,0.996439651755573,0.996533531947993
104,8.81205582618713,8.62248111917422,0.996596826438148,0.99653414054886
105,8.81289792060852,8.62429461252122,0.996282477072997,0.996531743753852
106,9.01471161842346,8.62797779182218,0.996432818073722,0.996530810492719
107,8.39805722236633,8.62582900145344,0.996583159074446,0.9965312997318
108,8.33382105827332,8.62312522420177,0.996644662211106,0.996532349384387
109,8.6859347820282,8.62370145867724,0.996501154892233,0.996532063196385
110,8.89049983024597,8.62612689841877,0.996398649664466,0.996530850346095
111,8.96930050849915,8.62921855256364,0.996446485437424,0.996530090301873
112,8.17419409751892,8.62515583421503,0.99667199693851,0.996531357325414
113,8.16736245155334,8.62110456534192,0.996535323301488,0.996531392422548
114,8.38036179542542,8.61899278665844,0.996685664302213,0.99653274568465
115,8.19905924797058,8.61534119066985,0.996542156983339,0.99653282752203
116,8.88591551780701,8.61767372797275,0.996460152801126,0.996532201015815
117,8.87791156768799,8.61989798301306,0.996364481255211,0.996530767513588
118,8.97386288642883,8.62289768558438,0.996692497984064,0.996532138110795
119,8.62580561637878,8.62292212197761,0.996651495892957,0.996533141117368
120,8.23830342292786,8.61971696615219,0.996692497984064,0.996534469091257
121,8.03806138038635,8.61490989519545,0.991936255415693,0.996496467325343
122,8.852126121521,8.6168542904932,0.996658329574808,0.996497794065093
123,8.68030571937561,8.61737015576867,0.996480653846679,0.996497654713724
124,8.21021389961243,8.61408663757386,0.996630994847404,0.996498730037382
125,8.18683290481567,8.61066860771179,0.996528489619637,0.99649896811404
126,8.85755252838135,8.61262800390758,0.996378148618913,0.996498009229159
127,8.22161149978638,8.60954913379639,0.996521655937786,0.996498195423715
128,8.18940448760986,8.60626675374806,0.996897508439597,0.996501315056651
129,8.31604623794556,8.60401698230773,0.996466986482977,0.996501048943677
130,8.30667757987976,8.60172975613521,0.996685664302213,0.99650246906182
131,8.9794454574585,8.60461308209951,0.996255142345593,0.996500581071619
132,8.92115020751953,8.60701109062542,0.996596826438148,0.996501310203184
133,8.27354741096497,8.60450384491368,0.996337146527806,0.996500075889835
134,8.65716624259949,8.60489684788149,0.996624161165553,0.996501001899356
135,8.37664937973022,8.60320612589518,0.996473820164828,0.996500800553174
136,8.99843215942383,8.60611219967113,0.99623464130004,0.996498843499842
137,8.88621354103088,8.60815673500952,0.996617327483702,0.99649970834644
138,9.01361560821533,8.61109484278637,0.996569491710744,0.996500214022992
139,8.22069883346558,8.60828623840277,0.996569491710744,0.996500712423624
140,8.83090853691101,8.60987639767783,0.996589992756297,0.996501350140286
141,8.79507732391357,8.61118987942418,0.996562658028893,0.996501784948006
142,8.97333121299744,8.61374017050568,0.996405483346317,0.996501106767713
143,8.86977934837341,8.615530654267,0.996350813891508,0.996500055768578
144,8.62738752365112,8.61561299363772,0.996487487528531,0.996499968489134
145,8.23034381866455,8.6129559648448,0.996726666393319,0.996501531922956
146,8.97163581848145,8.61541267617108,0.996644662211106,0.996502512267395
147,8.41191458702087,8.61402833542856,0.996412317028168,0.996501898694339
148,8.41234827041626,8.61266563228659,0.996610493801851,0.996502632445066
149,8.22273087501526,8.61004862049282,0.996583159074446,0.996503172892243
150,8.78576469421387,8.61122006098429,0.996658329574808,0.996504207270126
151,8.37575697898865,8.60966070282538,0.996145803435975,0.996501833734801
152,9.05850076675415,8.61261359798281,0.99667199693851,0.996502953229562
153,8.87396883964539,8.61432180217668,0.996555824347042,0.996503298792421
154,8.32703948020935,8.61245633255352,0.996521655937786,0.996503417994664
155,8.55982708930969,8.61211678904872,0.996330312845955,0.996502301187253
156,8.18193292617798,8.60935920018416,0.996651495892957,0.996503257563572
157,8.31159806251526,8.60746263242831,0.996542156983339,0.996503505330577
158,8.35411286354065,8.60585915287839,0.996637828529255,0.996504355477404
159,8.92159700393677,8.60784492552655,0.996542156983339,0.996504593222724
160,8.39668583869934,8.60652518123388,0.996200472890784,0.996502692470649
161,8.30221199989319,8.6046350372504,0.996282477072997,0.996501324673148
162,8.40547585487366,8.60340565958141,0.996610493801851,0.996501998556659
163,8.98070335388184,8.60572036936239,0.996630994847404,0.996502789944946
164,8.65854120254517,8.60604244761351,0.996330312845955,0.996501738255318
165,8.22383499145508,8.6037260387883,0.996514822255935,0.996501817552291
166,8.41499304771423,8.60258909305894,0.996432818073722,0.996501401892782
167,8.1664776802063,8.599977647473,0.996528489619637,0.996501564094739
168,8.33773994445801,8.59841670876458,0.996569491710744,0.996501968425787
169,9.02803707122803,8.60095884108684,0.996323479164104,0.996500912276309
170,8.17740321159363,8.59846733738394,0.996398649664466,0.996500310731534
171,8.17522072792053,8.59599221101281,0.99623464130004,0.996498757109127
172,9.01304483413696,8.59841693556586,0.996706165347766,0.99649996297098
173,9.00541615486145,8.60076953220919,0.996501154892233,0.996499969860698
174,8.24841904640198,8.59874452941719,0.996378148618913,0.996499269738619
175,8.85392212867737,8.60020268712725,0.996378148618913,0.996498577617935
176,8.2639377117157,8.59829209067605,0.996494321210382,0.996498553433801
177,8.8692569732666,8.59982296571893,0.996378148618913,0.996497873180609
178,8.95577907562256,8.60182271914536,0.996514822255935,0.996497968400134
179,8.20734453201294,8.59961893039043,0.996473820164828,0.996497833493791
180,8.21599125862122,8.59748766554726,0.996412317028168,0.996497358402316
181,8.46221828460693,8.59674032090119,0.996501154892233,0.996497379377398
182,8.86485505104065,8.59821347875909,0.996453319119275,0.996497137288068
183,8.9787769317627,8.6002930604695,0.996446485437424,0.996496860501999
184,8.91358637809753,8.60199574154356,0.996446485437424,0.996496586724474
185,8.30900573730469,8.60041201179092,0.996548990665191,0.996496869989018
186,8.85974407196045,8.60180627017893,0.996446485437424,0.996496599104332
187,8.20835900306702,8.59970227409812,0.996241474981891,0.996495234804212
188,8.87074017524719,8.60114396506168,0.996159470799677,0.996493448825465
189,8.24186992645264,8.59924304422247,0.996398649664466,0.996492947242602
190,8.83961009979248,8.60050813398863,0.996507988574084,0.996493026407505
191,8.19432544708252,8.59838152306242,0.99641915071002,0.996492639623748
192,8.74676322937012,8.59915434444944,0.996501154892233,0.996492683974105
193,8.40596628189087,8.59815337003204,0.996781335848128,0.99649417957967
194,8.91461706161499,8.59978462617422,0.996562658028893,0.996494532561367
195,8.73697900772095,8.60048818710523,0.996637828529255,0.996495267412484
196,8.24249529838562,8.59866169277502,0.996207306572635,0.996493798224526
197,8.1882655620575,8.59657846368509,0.996323479164104,0.996492933660767
198,8.68679022789001,8.59703407865582,0.996207306572635,0.996491491099716
199,8.23722195625305,8.59522597753822,0.996576325392595,0.996491917402695
200,8.21381855010986,8.59331894040108,0.996405483346317,0.996491485232413
201,8.89801359176636,8.59483483418896,0.996610493801851,0.996492077314849
202,8.15020775794983,8.59263371004917,0.9962961444367,0.996491107350105
203,8.38749051094055,8.59162315241809,0.996548990665191,0.996491392489588
204,8.37195348739624,8.59054634033465,0.996767668484426,0.996492746783681
205,8.23216462135315,8.58879813682742,0.996371314937062,0.996492154433209
206,8.95927500724792,8.59059656823723,0.996364481255211,0.996491534660501
207,8.25629138946533,8.5889815673736,0.99685650634849,0.996493297808752
208,8.8921947479248,8.59043932304933,0.996302978118551,0.996492382810241
209,8.17884206771851,8.58846995819128,0.996371314937062,0.996491803538121
210,8.85535287857056,8.58974082924071,0.996535323301488,0.996492010775089
211,8.17670321464539,8.58778330500092,0.996405483346317,0.996491600692488
212,8.33286738395691,8.58658087141109,0.996364481255211,0.996491001072501
213,8.1950535774231,8.58474271510129,0.996521655937786,0.996491144992057
214,8.19932293891907,8.58294168810978,0.996282477072997,0.996490169908323
215,8.20899844169617,8.58120241719623,0.996678830620362,0.996491047400007
216,8.90937972068787,8.58272175656425,0.996473820164828,0.996490967644288
217,8.70605516433716,8.58329011328209,0.996343980209657,0.996490290282838
218,8.35658359527588,8.5822501751261,0.996398649664466,0.996489869913029
219,8.99673175811768,8.5841427850941,0.996480653846679,0.996489827830534
220,8.86811089515686,8.58543354923075,0.996589992756297,0.996490283125652
221,9.03398966789246,8.58746321492605,0.996542156983339,0.996490517848989
222,7.25306177139282,8.58145239761284,0.976410130249976,0.996400065652598
223,8.90735244750977,8.58291383281417,0.996398649664466,0.996400059302875
224,8.17411470413208,8.58108883670398,0.996678830620362,0.996401303817685
225,8.5891900062561,8.58112484190199,0.996453319119275,0.996401534996803
226,8.19903683662415,8.57943418701138,0.996637828529255,0.996402580543407
227,8.91509103775024,8.58091285155208,0.996330312845955,0.996402262183506
228,8.22673153877258,8.57935942474164,0.996330312845955,0.996401946616236
229,8.90619802474976,8.58078666753644,0.996767668484426,0.996403543654962
230,9.01684761047363,8.58268258467965,0.996569491710744,0.996404265168248
231,8.64114308357239,8.58293566043243,0.996583159074446,0.996405039600743
232,8.91949009895325,8.58438632611571,0.996630994847404,0.996406013545771
233,9.01796317100525,8.58624717094356,0.996781335848128,0.996407624371103
234,8.81125569343567,8.587208745826,0.996337146527806,0.996407323183739
235,8.68201804161072,8.58761218963785,0.996603660119999,0.996408158660063
236,8.38215065002441,8.58674158989373,0.996460152801126,0.99640837897422
237,8.1993944644928,8.58510721383719,0.996460152801126,0.996408597429186
238,8.59084391593933,8.58513131762753,0.996528489619637,0.996409101177886
239,8.63055515289307,8.58532137551567,0.996350813891508,0.996408857298026
240,8.23562932014465,8.58386432528496,0.996330312845955,0.996408530029476
241,8.96284198760986,8.58543684670539,0.996507988574084,0.996408942720532
242,8.79464268684387,8.58630133364811,0.996460152801126,0.996409154332436
243,8.89282608032227,8.58756275235871,0.996255142345593,0.996408520538251
244,8.3729100227356,8.58668302805697,0.996248308663742,0.996407863932208
245,8.19215941429138,8.58507272759262,0.996583159074446,0.996408579422585
246,8.88381409645081,8.58628712340099,0.996371314937062,0.996408427940936
247,8.93204593658447,8.58768695665275,0.996343980209657,0.996408167018947
248,8.30964112281799,8.58656580409696,0.996665163256659,0.996409203294099
249,8.88020944595337,8.58774509583132,0.996302978118551,0.996408776686968
250,8.45580863952637,8.5872173500061,0.996706165347766,0.996409966241612
251,8.30360913276672,8.58608743679001,0.99641915071002,0.996410002833119
252,8.36549067497253,8.58521205281454,0.996521655937786,0.996410445900995
253,8.98670959472656,8.58679899962052,0.996378148618913,0.996410318243753
254,8.27126669883728,8.58555674646783,0.996617327483702,0.996411133240761
255,8.37858605384827,8.58474509669285,0.996658329574808,0.99641210263815
256,8.92230558395386,8.58606369234622,0.996275643391146,0.996411569594216
257,8.27573132514954,8.58485617340771,0.996576325392595,0.996412210667361
258,8.8132483959198,8.58574141458023,0.996617327483702,0.996413005693781
259,8.2286741733551,8.58436277658323,0.996603660119999,0.996413741811257
260,8.38055968284607,8.58357891853039,0.996350813891508,0.996413499780797
261,8.37281680107117,8.58277140083898,0.996289310754849,0.996413023960774
262,8.20522046089172,8.58133036671704,0.996658329574808,0.996413960241743
263,8.86425352096558,8.58240612015525,0.996330312845955,0.996413642190809
264,8.91906809806824,8.58368135492007,0.996576325392595,0.996414258415058
265,8.89740014076233,8.58486519939495,0.996651495892957,0.996415153650824
266,8.91170811653137,8.58609393216614,0.996644662211106,0.99641601646496
267,8.90185570716858,8.58727656053693,0.996480653846679,0.996416258552532
268,8.26099944114685,8.58605910859891,0.996712999029617,0.996417365793118
269,8.24090361595154,8.58477600267829,0.996617327483702,0.996418109145128
270,8.22120809555054,8.58342945487411,0.996637828529255,0.996418922920625
271,8.90287613868713,8.58460822492508,0.996542156983339,0.996419377658863
272,8.76563215255737,8.58527375407079,0.996767668484426,0.99642065813984
273,8.37749862670898,8.58451267301818,0.996337146527806,0.996420352236499
274,8.36217212677002,8.58370121117056,0.996378148618913,0.996420198208697
275,8.22922301292419,8.58241219954057,0.996699331665915,0.996421213239451
276,8.78788638114929,8.58315667121307,0.996501154892233,0.99642150288312
277,8.88947916030884,8.58426252857442,0.996535323301488,0.996421913787158
278,8.60413527488708,8.58433401327339,0.996501154892233,0.996422198827104
279,8.6404550075531,8.58453516379052,0.996754001120724,0.996423388082637
280,8.86637258529663,8.58554172601019,0.996528489619637,0.996423763445269
281,8.27332067489624,8.58443061906672,0.996439651755573,0.996423819987299
282,8.23353505134583,8.58318630854289,0.996603660119999,0.996424457718266
283,8.89706897735596,8.5842954345811,0.996391815982615,0.996424342376444
284,8.23117280006409,8.58305204502294,0.996630994847404,0.996425070025989
285,8.71470785140991,8.58351399522079,0.996535323301488,0.996425456879587
286,9.00296521186829,8.58498060786641,0.996542156983339,0.996425864921908
287,8.88140606880188,8.58601344919371,0.996685664302213,0.99642677014623
288,8.65638113021851,8.58625778141949,0.996726666393319,0.996427811452643
289,8.89152193069458,8.58731405875262,0.996630994847404,0.996428514509373
290,8.89843487739563,8.58838688916173,0.996685664302213,0.996429401232796
291,8.20290207862854,8.58706219909117,0.996555824347042,0.996429835676488
292,8.90520572662354,8.58815173171971,0.996282477072997,0.996429331023736
293,8.79347848892212,8.58885250563508,0.996405483346317,0.996429249632346
294,8.31173896789551,8.58790994258154,0.99617313816338,0.9964283785049
295,8.57520151138306,8.58786686315375,0.996364481255211,0.996428161904054
296,8.42259430885315,8.58730850992976,0.996473820164828,0.996428316154935
297,8.9266505241394,8.58845107563417,0.996644662211106,0.996429044592834
298,8.22075819969177,8.58721720692295,0.996617327483702,0.996429676414616
299,8.6018054485321,8.58726599702867,0.996651495892957,0.996430418285781
300,8.28915858268738,8.58627230564753,0.996501154892233,0.996430654074469
301,8.87815594673157,8.58724201874083,0.996275643391146,0.99643013908881
302,8.89490032196045,8.58826075484421,0.996302978118551,0.996429718025995
303,8.92107939720154,8.58935916620513,0.996617327483702,0.996430337199122
304,8.1769654750824,8.58800260801064,0.996603660119999,0.996430907340309
305,8.2368528842926,8.58685129744108,0.996603660119999,0.996431473742866
306,9.03679347038269,8.58832169669905,0.996432818073722,0.996431478136104
307,8.17701172828674,8.58698192481498,0.996453319119275,0.996431549279372
308,8.91960191726685,8.5880618598554,0.996617327483702,0.99643215245536
309,9.06029152870178,8.58959011121089,0.996343980209657,0.996431867108286
310,8.92642903327942,8.59067668837886,0.996309811800402,0.996431473381487
311,8.96058821678162,8.5918661145152,0.996405483346317,0.996431389812242
312,8.62410593032837,8.59196944725819,0.996384982300764,0.996431241070218
313,8.80011057853699,8.59263443489806,0.996665163256659,0.996431988425446
314,8.17902278900146,8.59131720035699,0.996514822255935,0.996432252227454
315,8.89312982559204,8.59227533567519,0.996569491710744,0.996432687908353
316,8.25403618812561,8.59120495862599,0.996289310754849,0.996432234183184
317,8.92349028587341,8.59225317732393,0.996535323301488,0.99643255938545
318,8.22707104682922,8.59110480584438,0.996446485437424,0.996432603178066
319,8.3065664768219,8.59021283616093,0.996712999029617,0.996433482161927
320,8.2914662361145,8.58927925303578,0.996494321210382,0.996433672283953
321,7.93695211410522,8.58724708126342,0.994321210381729,0.996427091405753
322,8.23508667945862,8.5861534154193,0.996712999029617,0.996427979317628
323,8.81838464736938,8.58687239756156,0.99605013189006,0.996426809511351
324,8.36283683776855,8.58618092978442,0.996514822255935,0.996427081155625
325,8.37926125526428,8.58554425386282,0.996501154892233,0.996427309074814
326,9.01990699768066,8.58687665491748,0.996521655937786,0.996427598482369
327,8.89243245124817,8.58781107631298,0.996542156983339,0.996427948814177
328,8.44171285629272,8.58736565491048,0.996337146527806,0.996427671977938
329,8.39625406265259,8.58678476861183,0.996877007394044,0.996429037739081
330,8.23921656608582,8.58573153163448,0.996624161165553,0.996429629022191
331,8.7722053527832,8.58629489665305,0.996685664302213,0.996430402542675
332,8.24720096588135,8.58527352939169,0.996617327483702,0.996430965569606
333,8.2845516204834,8.58437046059617,0.996658329574808,0.996431648344396
334,8.8513867855072,8.58516991067076,0.996569491710744,0.996432061049086
335,8.37794828414917,8.58455133865129,0.996644662211106,0.99643269567942
336,8.28034257888794,8.58364595543771,0.996337146527806,0.996432411306945
337,8.68020820617676,8.58393249030637,0.996747167438873,0.996433345301402
338,8.18202209472656,8.58274340629578,0.996658329574808,0.996434010935347
339,9.00882744789124,8.58400029137423,0.996822337939235,0.996435156442733
340,8.59570670127869,8.58403472199159,0.996425984391871,0.996435129466113
341,9.07151579856873,8.58546428526602,0.996337146527806,0.996434842126118
342,8.88776874542236,8.58634821643606,0.996507988574084,0.99643505600462
343,8.72360229492188,8.58674837409929,0.996364481255211,0.996434850247333
344,8.35967493057251,8.58608827687973,0.996644662211106,0.996435460165833
345,9.03332948684692,8.58738462821297,0.996309811800402,0.996435095967672
346,8.66923379898071,8.58762118650999,0.996343980209657,0.996434832627331
347,9.08421945571899,8.58905230544143,0.996637828529255,0.99643541762993
348,8.19593834877014,8.5879226676349,0.996391815982615,0.99643529233784
349,8.88091921806335,8.58876219929802,0.996323479164104,0.996434971956254
350,8.7969925403595,8.58935714312962,0.996555824347042,0.996435317248799
351,8.94125437736511,8.59035969935251,0.996596826438148,0.996435777388939
352,8.97651815414429,8.59145674041726,0.996528489619637,0.996436040775958
353,9.0143928527832,8.59265485971575,0.996528489619637,0.9964363026707
354,8.89565229415894,8.59351078467181,0.996412317028168,0.996436234914647
355,8.84465932846069,8.59421824535853,0.996589992756297,0.996436668035328
356,8.20259737968445,8.59311818674709,0.996501154892233,0.996436849178185
357,8.87698197364807,8.59391332340508,0.996637828529255,0.996437412145554
358,8.892826795578,8.59474827723796,0.996706165347766,0.996438162852823
359,8.91781568527222,8.59564818645254,0.996576325392595,0.996438547706694
360,8.95750570297241,8.59665334622065,0.996651495892957,0.996439139229434
361,8.68426132202148,8.59689602759406,0.996665163256659,0.996439765334773
362,8.23084449768066,8.59588483552248,0.996637828529255,0.996440312470669
363,8.26420950889587,8.59497112938852,0.996610493801851,0.996440781289763
364,8.70549273490906,8.59527476017292,0.996494321210382,0.996440928377457
365,8.73178386688232,8.59564875772555,0.996501154892233,0.996441093381607
366,8.91510391235352,8.59652158601688,0.996542156983339,0.996441369511667
367,8.24493765830994,8.59556359166345,0.996542156983339,0.99644164413693
368,8.87619924545288,8.59632618854875,0.996439651755573,0.99644163872285
369,8.59045672416687,8.59631028214121,0.996665163256659,0.996442244480394
370,8.57337260246277,8.59624828841235,0.996781335848128,0.99644316094355
371,8.24834370613098,8.59531054021213,0.996350813891508,0.996442912029664
372,8.24453139305115,8.59436758551546,0.996330312845955,0.996442609343686
373,8.38681793212891,8.59381115212837,0.996576325392595,0.996442967831753
374,8.70481991767883,8.59410796700952,0.996412317028168,0.996442885877732
375,8.35596013069153,8.59347290611267,0.996289310754849,0.996442476344071
376,8.19876861572266,8.59242316065951,0.996542156983339,0.996442741452155
377,8.25935173034668,8.59153968206451,0.996658329574808,0.996443313303939
378,8.27335286140442,8.59069791798869,0.996630994847404,0.996443809815958
379,8.26333093643188,8.58983415286585,0.996699331665915,0.99644448401609
380,9.03599643707275,8.59100826414008,0.996644662211106,0.996445010800814
381,8.94821691513062,8.59194581965449,0.996316645482253,0.996444673883967
382,8.30617594718933,8.59119773098312,0.996378148618913,0.996444499734059
383,8.95319867134094,8.59214290315115,0.996432818073722,0.99644446923364
384,8.95243787765503,8.59308117131392,0.996719832711468,0.99644518632603
385,8.84116554260254,8.59372554630428,0.996460152801126,0.996445225199992
386,8.35101938247681,8.59309677385913,0.996754001120724,0.99644602513761
387,8.19336009025574,8.59206386253199,0.996248308663742,0.996445514242329
388,8.86237072944641,8.59276052971476,0.996501154892233,0.996445657646066
389,8.2467200756073,8.59187096556538,0.996398649664466,0.996445536802925
390,8.31035184860229,8.59114912167574,0.996528489619637,0.996445749502455
391,8.3365159034729,8.59049788582355,0.996302978118551,0.996445384358251
392,8.34638261795044,8.58987514279327,0.996740333757022,0.996446136780187
393,8.89152216911316,8.59064269247856,0.996583159074446,0.996446485437424
394,8.36154866218567,8.59006123554888,0.996255142345593,0.996445999795059
395,8.19715929031372,8.58906654707993,0.996754001120724,0.996446779545251
396,8.32654285430908,8.58840360846182,0.99635764757336,0.996446554464513
397,8.36334681510925,8.5878367147758,0.996371314937062,0.996446364944293
398,8.94036340713501,8.58872246023398,0.996255142345593,0.996445884485502
399,8.65191721916199,8.58888084308844,0.996507988574084,0.996446040134847
400,8.19551587104797,8.58789743065834,0.996610493801851,0.996446451269015
401,8.92521476745605,8.58873862102442,0.996624161165553,0.996446894435839
402,8.98316311836243,8.58971977649044,0.996624161165553,0.996447335397853
403,8.90071678161621,8.59049148121779,0.996316645482253,0.996447011105259
404,8.43819761276245,8.59011451619686,0.996501154892233,0.996447145124533
405,8.40360021591187,8.58965398706036,0.996726666393319,0.996447835300506
406,8.73908758163452,8.59002205010118,0.996378148618913,0.996447663658433
407,8.24255895614624,8.58916833242562,0.996603660119999,0.996448046942122
408,8.39270424842834,8.58868680280798,0.996432818073722,0.996448009616464
409,8.21357941627502,8.58776966983357,0.996350813891508,0.996447771974105
410,8.26151895523071,8.58697393638332,0.996378148618913,0.996447602161044
411,8.94291734695435,8.5878399787448,0.996425984391871,0.996447549563065
412,8.38598990440369,8.5873500513799,0.996514822255935,0.9964477128463
413,8.88157367706299,8.58806245725322,0.996842838984788,0.996448669568185
414,8.8946213722229,8.58880293772416,0.996548990665191,0.996448911889675
415,8.38365960121155,8.58830861643136,0.996685664302213,0.996449482377416
416,8.23709464073181,8.5874643520667,0.996453319119275,0.996449491600354
417,8.86039924621582,8.58811887219655,0.996343980209657,0.996449238575436
418,8.2783317565918,8.58737775469511,0.996576325392595,0.996449542610884
419,8.25728702545166,8.58658994865873,0.99635764757336,0.996449323290985
420,8.98580384254456,8.58754045792988,0.996610493801851,0.996449707030297
421,8.81984782218933,8.58809225689487,0.996405483346317,0.996449601985917
422,8.84228134155273,8.58869460069738,0.996343980209657,0.996449351697347
423,8.87306046485901,8.58936686042353,0.996542156983339,0.996449571095187
424,8.83423376083374,8.58994437669808,0.996425984391871,0.996449515466169
425,8.27047777175903,8.58919269056881,0.996289310754849,0.996449138513907
426,9.01432394981384,8.59019065127126,0.996583159074446,0.996449453116162
427,8.6447434425354,8.59031840956462,0.996507988574084,0.996449590201544
428,8.24564409255981,8.58951309573985,0.996446485437424,0.996449582947422
429,8.337815284729,8.58892638755567,0.996398649664466,0.996449464221821
430,8.98609113693237,8.58985002650771,0.99667199693851,0.996449981739766
431,8.93063020706177,8.59064069978046,0.996289310754849,0.996449608953259
432,8.88626217842102,8.59132500875879,0.99679500321183,0.996450408477005
433,8.94797325134277,8.59214867675552,0.996214140254486,0.996449862822912
434,8.18970680236816,8.59122139133067,0.996822337939235,0.996450721060507
435,8.74925470352173,8.59158468630122,0.996617327483702,0.996451104063779
436,8.85409688949585,8.59218677851038,0.996494321210382,0.996451203185674
437,8.91473507881165,8.59292487530741,0.996412317028168,0.996451114201332
438,8.89213562011719,8.59360800486177,0.996589992756297,0.996451431275659
439,8.78173637390137,8.59403654328783,0.996371314937062,0.996451248778304
440,8.23385787010193,8.59321795539423,0.996480653846679,0.996451315608005
441,8.80807447433472,8.59370515838502,0.996617327483702,0.996451692052168
442,8.2339038848877,8.59289112835448,0.996432818073722,0.996451649350859
443,8.70076656341553,8.59313463949458,0.996343980209657,0.996451406305394
444,8.23471975326538,8.59232739875982,0.996706165347766,0.996451980087021
445,8.30637574195862,8.59168481076701,0.996685664302213,0.996452505220088
446,8.17351698875427,8.59074721475353,0.9962961444367,0.996452154635372
447,8.91929244995117,8.5914822152797,0.996371314937062,0.996451973785935
448,8.19603824615479,8.59059952784862,0.996432818073722,0.996451931027649
449,8.39177227020264,8.59015670544852,0.996637828529255,0.996452345053265
450,8.36592173576355,8.58965840551588,0.996152637117826,0.996451679035631
451,8.81124663352966,8.59014973196381,0.996350813891508,0.996451455387861
452,8.98196601867676,8.59101658215565,0.996378148618913,0.996451293204744
453,8.59117817878723,8.59101693888111,0.996583159074446,0.996451584299379
454,8.23781085014343,8.59023895190151,0.996453319119275,0.996451588120568
455,8.20186924934387,8.58938539211567,0.996316645482253,0.996451291543341
456,8.28291082382202,8.58871329876414,0.996487487528531,0.996451370920502
457,8.20111107826233,8.58786515386151,0.996166304481529,0.996450747142736
458,8.8373761177063,8.58840993762537,0.996460152801126,0.996450767679108
459,8.95008707046509,8.58919790523504,0.996309811800402,0.99645046058569
460,9.01759386062622,8.59012920079024,0.996521655937786,0.996450615358195
461,8.93647503852844,8.59088049327991,0.996569491710744,0.996450873224469
462,8.91121673583984,8.5915738617703,0.996118468708571,0.996450153734175
463,8.81276893615723,8.59205160491152,0.996330312845955,0.996449894898564
464,8.20603656768799,8.59121967595199,0.996576325392595,0.996450167378077
465,9.0055627822876,8.59211073639572,0.996535323301488,0.996450350509095
466,8.25699615478516,8.59139160639227,0.996214140254486,0.996449843620136
467,8.85114169120789,8.59194781642399,0.996268809709295,0.996449455967222
468,8.24497437477112,8.59120642018114,0.996589992756297,0.996449756259507
469,8.32811045646667,8.59064544797706,0.996460152801126,0.996449778426973
470,8.94688892364502,8.59140341281891,0.996528489619637,0.996449945897595
471,8.92505860328674,8.5921118102509,0.996501154892233,0.996450054621576
472,8.26370048522949,8.59141602354535,0.99673350007517,0.996450655141604
473,8.91289830207825,8.59209569009615,0.996514822255935,0.996450790801465
474,8.88152194023132,8.59270629399939,0.996719832711468,0.996451358400432
475,8.66471171379089,8.59285788435685,0.996624161165553,0.996451722195727
476,8.87588572502136,8.59345248066077,0.996466986482977,0.996451754263557
477,8.36684846878052,8.59297741983922,0.996548990665191,0.996451958113456
478,8.92943286895752,8.59368130153193,0.996576325392595,0.996452218296048
479,9.09460520744324,8.59472707169041,0.996207306572635,0.996451706998087
480,8.93801736831665,8.59544225980838,0.996542156983339,0.996451895435556
481,8.40949201583862,8.59505566886458,0.996432818073722,0.996451855773681
482,8.84151864051819,8.59556700283066,0.996562658028893,0.996452085653879
483,8.95978665351868,8.5963210807824,0.996371314937062,0.996451918426722
484,8.8644003868103,8.59687496364609,0.996446485437424,0.996451907201537
485,8.73158502578735,8.59715271635154,0.996371314937062,0.99645174103192
486,8.70131540298462,8.59736704286724,0.996453319119275,0.996451744279013
487,8.76458215713501,8.59771040039141,0.996589992756297,0.99645202815679
488,8.94780898094177,8.59842781551549,0.996330312845955,0.996451778740169
489,8.97226905822754,8.59919231703433,0.996651495892957,0.996452187159705
490,8.36708164215088,8.59871862177946,0.996535323301488,0.9964523568253
491,8.22045612335205,8.59794822972564,0.996576325392595,0.996452609307107
492,8.37554669380188,8.59749619408352,0.996514822255935,0.99645273575619
493,8.80930781364441,8.59792583225707,0.996289310754849,0.996452404265315
494,8.90947079658508,8.59855649007959,0.996480653846679,0.996452461450703
495,8.2309467792511,8.59781384419913,0.996282477072997,0.996452118047919
496,8.97525095939636,8.59857480612493,0.996815504257384,0.996452850681406
497,8.19415831565857,8.59776109085237,0.996446485437424,0.996452837874074
498,8.9858660697937,8.59854041811932,0.996624161165553,0.996453181896748
499,8.94049048423767,8.5992256887929,0.996501154892233,0.996453278035015
500,8.91659665107727,8.59986043071747,0.996432818073722,0.996453237115093
501,8.88959193229675,8.60043873710785,0.996466986482977,0.996453264558941
502,8.22342944145203,8.59968772257467,0.996398649664466,0.99645315576433
503,9.02969479560852,8.60054260741171,0.996398649664466,0.996453047402303
504,8.19709587097168,8.59974211785528,0.996658329574808,0.996453454708201
505,8.23040366172791,8.59901075457582,0.996453319119275,0.996453454439708
506,8.89012694358826,8.59958608301261,0.996617327483702,0.996453778299479
507,8.95318055152893,8.60028350799982,0.996617327483702,0.996454100881696
508,8.2460343837738,8.5995861672041,0.996337146527806,0.99645387065659
509,8.22817873954773,8.59885648659967,0.996665163256659,0.996454285769753
510,8.8568434715271,8.59936234343286,0.996343980209657,0.996454069484341
511,8.92656660079956,8.60000266487584,0.99673350007517,0.996454616315243
512,8.82035493850708,8.60043304041028,0.996754001120724,0.996455201051191
513,8.33402800559998,8.59991373235022,0.996337146527806,0.996454970925415
514,8.85737442970276,8.60041462864857,0.996193639208933,0.996454462497951
515,8.4048023223877,8.60003479892768,0.996405483346317,0.996454367392802
516,8.21762037277222,8.59929368569869,0.996350813891508,0.996454166707722
517,8.42253756523132,8.59895179765137,0.996528489619637,0.996454310465772
518,8.89907574653625,8.59953118751408,0.996569491710744,0.996454532823388
519,8.8969931602478,8.60010433197021,0.996562658028893,0.996454741157117
520,8.95421552658081,8.60078531503677,0.996569491710744,0.996454961831258
521,8.94474363327026,8.60144550374739,0.996152637117826,0.996454381553498
522,8.32481050491333,8.60091555164235,0.996555824347042,0.996454575888351
523,8.3655161857605,8.60046545725252,0.996487487528531,0.996454638816917
524,8.24279499053955,8.59978288002597,0.996384982300764,0.996454505884635
525,8.24662446975708,8.59911019733974,0.996439651755573,0.996454477591056
526,8.93450808525085,8.59974783590991,0.996343980209657,0.996454267519988
527,8.21640801429749,8.5990204358689,0.996617327483702,0.996454576931684
528,8.33987927436829,8.59852963821455,0.996589992756297,0.996454833401049
529,8.97966432571411,8.5992501196654,0.996446485437424,0.996454817620399
530,8.98170185089111,8.59997172670544,0.996494321210382,0.996454892155475
531,8.45746421813965,8.5997033509831,0.996268809709295,0.996454541717723
532,9.02678275108337,8.60050613181035,0.996562658028893,0.996454744943872
533,8.38988590240479,8.60011097190528,0.996842838984788,0.996455473075281
534,8.87758040428162,8.60063057758388,0.996624161165553,0.996455788970581
535,8.62174034118652,8.60067003508595,0.996405483346317,0.996455694941377
536,8.40259718894958,8.6003004961939,0.996282477072997,0.996455371773712
537,8.26157474517822,8.59966972198344,0.996255142345593,0.996454998906993
538,8.43145823478699,8.59935706122657,0.996460152801126,0.996455008486722
539,8.61689066886902,8.59938959111088,0.996384982300764,0.996454878568009
540,8.44059991836548,8.59909553616135,0.996589992756297,0.996455128779469
541,8.85112190246582,8.59956138896413,0.996179971845231,0.996454620171457
542,8.35151505470276,8.59910373890092,0.996412317028168,0.996454542121378
543,8.3879246711731,8.59871482717398,0.996514822255935,0.996454653134517
544,8.90753221511841,8.59928250619594,0.996569491710744,0.996454864234841
545,8.82549452781677,8.59969757412552,0.996405483346317,0.996454773627706
546,8.22233057022095,8.59900642576672,0.996514822255935,0.996454883606878
547,8.8259437084198,8.59942130196901,0.996261976027444,0.996454530942199
548,8.21577501296997,8.59872121750003,0.996494321210382,0.996454603552178
549,8.22375226020813,8.59803821393484,0.996610493801851,0.996454887505274
550,8.87790107727051,8.59854705550454,0.996412317028168,0.996454810104406
551,8.18769335746765,8.59780140450992,0.996220973936337,0.996454385719346
552,8.38588809967041,8.59741750359535,0.996651495892957,0.996454742802994
553,8.90932965278625,8.5979815400315,0.996624161165553,0.996455049165313
554,8.88259172439575,8.59849527682638,0.996589992756297,0.996455292745802
555,8.95677590370178,8.59914082750544,0.996501154892233,0.996455375380301
556,8.40577220916748,8.59879304222066,0.996275643391146,0.996455052121327
557,8.38769745826721,8.59841405553492,0.996425984391871,0.996454999935098
558,8.23832511901855,8.59776873486016,0.996651495892957,0.996455352078392
559,8.61575841903687,8.59780091676388,0.996002296117102,0.996454541602612
560,8.69622159004211,8.59797666796616,0.996699331665915,0.996454978727725
561,8.90779948234558,8.5985289367975,0.996583159074446,0.996455207213191
562,8.85533738136292,8.59898589132519,0.996487487528531,0.996455264651475
563,8.36981964111328,8.59857884647579,0.996542156983339,0.996455418989542
564,8.93545079231262,8.5991761371599,0.996583159074446,0.996455645479054
565,8.33021759986877,8.59870010435054,0.99673350007517,0.9964561372571
566,8.9147207736969,8.59925844475574,0.996589992756297,0.996456373750915
567,8.97670030593872,8.5999241270506,0.996343980209657,0.996456175525975
568,8.21203589439392,8.59924122523254,0.996603660119999,0.99645643518195
569,8.92251372337341,8.59980936670555,0.996466986482977,0.996456453725537
570,8.29667687416077,8.59927755531512,0.996740333757022,0.99645695176068
571,8.73541307449341,8.59951597128566,0.996610493801851,0.996457220660927
572,8.8355815410614,8.59992867333072,0.996617327483702,0.99645750056796
573,8.96628189086914,8.60056803322171,0.996343980209657,0.996457302452152
574,8.22118878364563,8.59990709376252,0.996343980209657,0.996457105026642
575,8.83051228523254,8.60030814626943,0.996405483346317,0.996457015249807
576,8.90839838981628,8.60084302516447,0.996487487528531,0.996457068153068
577,8.75550246238708,8.60111106578358,0.996439651755573,0.996457037968671
578,8.89992022514343,8.60162803664752,0.996603660119999,0.996457291640213
579,8.22877240180969,8.60098407182051,0.996774502166277,0.996457839499498
580,8.76205730438232,8.60126178429045,0.996227807618189,0.996457442892806
581,8.4558265209198,8.60101146542062,0.996446485437424,0.996457424033158
582,8.83393311500549,8.60141167444052,0.996630994847404,0.996457722264798
583,8.79940319061279,8.60175128253001,0.996569491710744,0.996457913979113
584,8.39618754386902,8.60139928982682,0.996364481255211,0.996457753991572
585,8.98141765594482,8.60204889387147,0.99641915071002,0.996457688003057
586,8.65190935134888,8.60213397997638,0.996501154892233,0.996457762178636
587,8.91029191017151,8.60265895089664,0.996521655937786,0.996457871026607
588,8.26345157623291,8.6020820676064,0.996391815982615,0.996457758688097
589,8.79713869094849,8.60241323335061,0.996453319119275,0.996457751150628
590,8.92869758605957,8.60296625767724,0.996412317028168,0.996457674143641
591,8.89911007881165,8.6034673470531,0.996699331665915,0.996458083039618
592,8.92313456535339,8.60400732546239,0.996610493801851,0.99645834049023
593,9.01149868965149,8.6046944947106,0.996466986482977,0.996458355070319
594,8.6590473651886,8.60478599785956,0.996460152801126,0.996458358096802
595,8.8907356262207,8.60526658547025,0.996610493801851,0.996458613787062
596,8.24026966094971,8.60465417452307,0.996617327483702,0.996458880085211
597,8.38823676109314,8.60429166629286,0.996460152801126,0.996458882217063
598,8.39099192619324,8.60393497776427,0.996774502166277,0.996459410009621
599,8.33683776855469,8.6034890725736,0.996562658028893,0.996459582376932
600,8.97359704971313,8.60410591920217,0.996350813891508,0.996459401096123
601,8.93453240394592,8.60465571368594,0.996268809709295,0.996459083972351
602,8.90561032295227,8.60515563828605,0.996760834802575,0.996459585219577
603,8.19102787971497,8.60446885925027,0.996337146527806,0.996459382170337
604,8.96180415153503,8.6050604739726,0.996425984391871,0.996459326876002
605,8.98643493652344,8.60569084498508,0.996391815982615,0.996459215287748
606,8.37744092941284,8.60531419495938,0.996548990665191,0.996459363431935
607,8.25196409225464,8.60473206958425,0.996583159074446,0.996459567378628
608,8.37074828147888,8.6043472278275,0.996555824347042,0.99645972569601
609,9.02972769737244,8.60504571792527,0.996589992756297,0.996459939599229
610,8.8867175579071,8.60550747504,0.99641915071002,0.996459872732198
611,8.32181286811829,8.60504316308104,0.996460152801126,0.996459873190576
612,8.33943891525269,8.60460916921204,0.996507988574084,0.996459951810484
613,8.3261547088623,8.60415492050022,0.996507988574084,0.996460030173883
614,8.30177474021912,8.60366244463657,0.996507988574084,0.996460108282026
615,8.26990175247192,8.6031197443241,0.99611163502672,0.996459541658847
616,8.17377328872681,8.60242275332476,0.996473820164828,0.99645956483824
617,8.42043280601501,8.60212779392879,0.996583159074446,0.996459765153047
618,8.92709732055664,8.60265363458677,0.996603660119999,0.996459997992799
619,8.8612425327301,8.60307138724936,0.996453319119275,0.99645998720302
620,8.67565035820007,8.60318845010573,0.996501154892233,0.996460053602519
621,8.32864952087402,8.60274635843225,0.996384982300764,0.996459932714754
622,8.6503279209137,8.60282285612112,0.996521655937786,0.996460031948232
623,8.27921485900879,8.60230342113378,0.996487487528531,0.996460076018184
624,8.4085750579834,8.60199295901335,0.99641915071002,0.996460010432754
625,8.33183097839355,8.60156069984436,0.996548990665191,0.996460152801126
626,8.42628383636475,8.60128070485478,0.996610493801851,0.996460392962469
627,8.92568039894104,8.60179808873689,0.996343980209657,0.996460207296197
628,8.39285206794739,8.60146537214328,0.996460152801126,0.996460207209421
629,8.26696681976318,8.60093357794235,0.996624161165553,0.996460467867539
630,8.40748929977417,8.60062652353256,0.996460152801126,0.996460467367434
631,8.72056317329407,8.60081659746246,0.996412317028168,0.996460391059448
632,8.38361024856567,8.60047291653066,0.996658329574808,0.996460704253301
633,8.77233099937439,8.60074441429186,0.996760834802575,0.996461178393189
634,8.33078527450562,8.60031861123226,0.996391815982615,0.996461068988756
635,8.93571019172668,8.60084678694958,0.996323479164104,0.996460852311867
636,8.37802743911743,8.60049644206305,0.996446485437424,0.996460829722442
637,8.63492846488953,8.60055049547408,0.996391815982615,0.996460721380621
638,8.36773324012756,8.60018557814595,0.996535323301488,0.996460838311531
639,8.84303402900696,8.60056562266999,0.996596826438148,0.996461051125501
640,8.82205986976624,8.60091170743108,0.996528489619637,0.996461156498148
641,8.84955716133118,8.60129960985526,0.996200472890784,0.996460749815453
642,8.63850522041321,8.60135756251968,0.996412317028168,0.996460674374975
643,8.21895098686218,8.60076284000699,0.996398649664466,0.996460577913527
644,8.24358034133911,8.60020820879788,0.996473820164828,0.99646059847603
645,8.84036684036255,8.60058054776155,0.996535323301488,0.996460714328472
646,8.21692943572998,8.59998666059122,0.996535323301488,0.996460829822238
647,8.38627624511719,8.59965635083005,0.996391815982615,0.996460723154789
648,9.00834155082703,8.60028703786709,0.996309811800402,0.996460490266897
649,8.24485063552856,8.59973937006687,0.996555824347042,0.996460637160703
650,8.31569790840149,8.59930238320277,0.996179971845231,0.99646020536791
651,8.34723806381226,8.59891518762767,0.996514822255935,0.996460289264819
652,8.17490673065186,8.59826486790838,0.996514822255935,0.996460372904376
653,8.66019415855408,8.59835970602576,0.996583159074446,0.996460560938327
654,8.92013263702393,8.59885171356551,0.99641915071002,0.996460497619935
655,8.6820752620697,8.59897877241819,0.996815504257384,0.996461039614801
656,8.2381637096405,8.59842874945664,0.996323479164104,0.996460829918993
657,8.23137617111206,8.59787006973313,0.996453319119275,0.996460818487029
658,8.21853423118591,8.59729357149826,0.996425984391871,0.996460765547675
659,8.24034118652344,8.59675191385793,0.996555824347042,0.996460909794715
660,8.38431429862976,8.59643003868334,0.996548990665191,0.996461043250579
661,8.3110978603363,8.59599837124257,0.996685664302213,0.996461383070627
662,8.27144360542297,8.59550810724587,0.996473820164828,0.996461401857779
663,8.88935589790344,8.59595131658321,0.996596826438148,0.996461606118081
664,8.90164852142334,8.5964117039399,0.996692497984064,0.996461953846795
665,8.45775723457336,8.59620320097844,0.996364481255211,0.996461807271469
666,8.40575909614563,8.59591724886909,0.996589992756297,0.996461999742167
667,8.88503551483154,8.5963507095377,0.996548990665191,0.996462130163341
668,8.2961483001709,8.59590130473325,0.996337146527806,0.99646194306209
669,9.02045297622681,8.59653591111815,0.996514822255935,0.996462022104233
670,8.21044397354126,8.5959596544949,0.996432818073722,0.996461978516128
671,8.36423754692078,8.59561431603353,0.996466986482977,0.996461985979566
672,8.85426950454712,8.59599921958787,0.996528489619637,0.996462084943316
673,8.9903347492218,8.59658515648183,0.996152637117826,0.996461625139712
674,8.9385461807251,8.59709251705192,0.996466986482977,0.996461633094227
675,8.37342762947083,8.59676116166291,0.996453319119275,0.996461620777228
676,8.97680068016052,8.59732335029974,0.996637828529255,0.996461881439583
677,8.85463905334473,8.59770343257898,0.996507988574084,0.996461949544656
678,8.33410000801086,8.59731463696753,0.996371314937062,0.996461815865293
679,8.37727785110474,8.59699057689998,0.996214140254486,0.996461451100035
680,8.27674412727356,8.59651962623877,0.996412317028168,0.996461378844047
681,8.91058731079102,8.59698081226601,0.996555824347042,0.996461517530541
682,8.28937411308289,8.5965297760502,0.996473820164828,0.996461535569595
683,8.22304034233093,8.59598293939761,0.996487487528531,0.996461573566606
684,8.98316097259521,8.59654898915374,0.996371314937062,0.996461441609546
685,8.40257525444031,8.5962658158184,0.996460152801126,0.996461439728073
686,9.05792045593262,8.59693878176608,0.996678830620362,0.996461756624418
687,8.88999557495117,8.59736535642865,0.996446485437424,0.996461734395616
688,8.64482641220093,8.59743434052135,0.996678830620362,0.996462049942454
689,8.63979482650757,8.59749582163308,0.996583159074446,0.996462225717682
690,8.71881747245789,8.59767165011254,0.99641915071002,0.996462163290135
691,8.23906707763672,8.59715268546351,0.996268809709295,0.996461883473086
692,8.89294195175171,8.59758012659977,0.996371314937062,0.996461752593698
693,8.30578970909119,8.59715907260625,0.99667199693851,0.996462055976591
694,8.35111594200134,8.59680454359962,0.996453319119275,0.99646204338746
695,8.37666010856628,8.59648778901683,0.99641915071002,0.996461981671377
696,8.31771349906921,8.59608725124392,0.996398649664466,0.996461890677114
697,8.9060685634613,8.59653198770334,0.99635764757336,0.996461741117424
698,8.9298632144928,8.59700953960419,0.996453319119275,0.996461729051525
699,8.30533027648926,8.5965922588272,0.996268809709295,0.996461453058188
700,8.86610102653503,8.5969772713525,0.996350813891508,0.996461295002236
701,8.90853071212769,8.59742171278013,0.996542156983339,0.996461410354562
702,8.41881132125854,8.59716728202298,0.996610493801851,0.996461622724145
703,8.93883395195007,8.59765329435574,0.996528489619637,0.99646171784064
704,8.15889835357666,8.59703006290577,0.996583159074446,0.996461890342392
705,8.93920135498047,8.59751541225623,0.996138969754124,0.996461432299005
706,9.00626873970032,8.59809438297499,0.996480653846679,0.996461459524993
707,8.40301108360291,8.59781845185848,0.996542156983339,0.996461573665669
708,8.22857213020325,8.59729691750586,0.996774502166277,0.996462015655077
709,8.21726298332214,8.59676090349431,0.996637828529255,0.996462263628101
710,8.8747456073761,8.59715243124626,0.996480653846679,0.996462289529818
711,8.22629022598267,8.5966308247691,0.996487487528531,0.996462324970041
712,8.37914109230042,8.5963253616617,0.996726666393319,0.996462696236085
713,8.90283036231995,8.59675524244803,0.996521655937786,0.996462778928514
714,8.90979838371277,8.59719367822011,0.99667199693851,0.996463071950937
715,8.94679760932922,8.59768263476712,0.996316645482253,0.996462867158673
716,9.05139923095703,8.59831631716403,0.996446485437424,0.996462844279174
717,8.22740387916565,8.59779900553503,0.996617327483702,0.996463059736921
718,8.19839811325073,8.59724273688282,0.996754001120724,0.996463464947762
719,8.30175399780273,8.59683176506212,0.996548990665191,0.99646358389869
720,9.08304834365845,8.59750706586573,0.996364481255211,0.996463446256129
721,8.77016520500183,8.59774653623901,0.996808670575533,0.996463925069332
722,8.86765170097351,8.59812036610706,0.996562658028893,0.996464061818584
723,8.17854261398315,8.59754003726595,0.996535323301488,0.996464160382184
724,8.91884636878967,8.59798383054154,0.996514822255935,0.996464230357148
725,8.23190808296204,8.59747889847591,0.996480653846679,0.996464253010237
726,8.29401040077209,8.59706089779037,0.996364481255211,0.996464115583577
727,8.23473715782166,8.59656251575465,0.9962961444367,0.996463884536608
728,8.2111873626709,8.59603315428063,0.996466986482977,0.996463888797523
729,8.24682688713074,8.59555413333804,0.996514822255935,0.996463958665093
730,8.34503865242004,8.59521096144637,0.996507988574084,0.996464018980036
731,8.21089887619019,8.59468522671962,0.99667199693851,0.996464303491608
732,8.18590092658997,8.59412677822217,0.996583159074446,0.996464465862622
733,8.92828726768494,8.59458265883536,0.996371314937062,0.996464338780869
734,8.37775588035583,8.594287254505,0.996371314937062,0.996464212045386
735,8.17675423622131,8.59371918237128,0.996439651755573,0.996464178630026
736,8.78073525428772,8.59397328029508,0.996439651755573,0.996464145305469
737,8.86321020126343,8.59433859497754,0.996610493801851,0.996464343878734
738,8.84112024307251,8.59467298745463,0.996596826438148,0.996464523394397
739,8.41727685928345,8.59443293856671,0.99641915071002,0.996464461996989
740,8.24554252624512,8.59396146503655,0.996583159074446,0.996464622398445
741,8.28674578666687,8.59354686897937,0.9962961444367,0.996464395032775
742,8.17371892929077,8.59298106313073,0.996624161165553,0.996464610351013
743,8.27546882629395,8.59255372499232,0.996507988574084,0.996464668733547
744,8.95542502403259,8.59304145523297,0.996507988574084,0.996464726959139
745,8.47153830528259,8.59287836375653,0.996637828529255,0.99646495931024
746,8.91070938110352,8.59330441069667,0.9962961444367,0.996464733016844
747,8.22033095359802,8.59280511557338,0.996548990665191,0.996464845811554
748,8.79449415206909,8.5930747533227,0.996617327483702,0.996465049664057
749,8.88763356208801,8.59346802276031,0.996719832711468,0.996465389828339
750,8.23476839065552,8.59298975658417,0.996439651755573,0.996465355510909
751,8.91952204704285,8.59342455324257,0.996610493801851,0.99646554877095
752,8.27065324783325,8.59299533608112,0.996405483346317,0.996465468896715
753,8.93113708496094,8.59344439550858,0.996569491710744,0.996465607041222
754,8.91123867034912,8.59386587332667,0.996535323301488,0.996465699503106
755,8.37746024131775,8.5935792433505,0.996583159074446,0.996465855078697
756,8.85346341133118,8.59392300547746,0.996405483346317,0.996465775221908
757,9.02413964271545,8.59449132336021,0.996726666393319,0.99646611986018
758,8.90810823440552,8.59490506598691,0.99623464130004,0.996465814479494
759,8.86898446083069,8.59526617190897,0.996487487528531,0.996465843034235
760,8.18093633651733,8.59472100107293,0.996460152801126,0.996465835547087
761,8.20368194580078,8.59420715211725,0.996665163256659,0.996466097475746
762,9.06962394714355,8.59483105867241,0.996514822255935,0.996466161419027
763,8.34504199028015,8.59450368112537,0.996330312845955,0.996465983373715
764,8.94932508468628,8.59496810704626,0.996719832711468,0.996466315637246
765,8.82633447647095,8.59527054674485,0.996473820164828,0.996466325447086
766,9.06986141204834,8.59589011706509,0.996678830620362,0.996466602868983
767,8.42772150039673,8.5956708620238,0.996405483346317,0.996466523182513
768,8.84316349029541,8.5959931180502,0.996535323301488,0.996466612766001
769,8.7805597782135,8.59623312671101,0.996637828529255,0.996466835413288
770,9.01560139656067,8.5967777608277,0.996514822255935,0.996466897733862
771,8.87838888168335,8.59714301519975,0.996542156983339,0.996466995346378
772,8.98864126205444,8.59765013728117,0.996343980209657,0.996466836000346
773,8.27469873428345,8.59723234762658,0.996535323301488,0.996466924599701
774,8.4078483581543,8.59698766546964,0.996548990665191,0.996467030628209
775,8.74995923042297,8.5971850481341,0.996460152801126,0.996467021753593
776,8.21752905845642,8.59669580072472,0.996617327483702,0.996467215446544
777,9.00413751602173,8.59722017873668,0.996501154892233,0.996467259126655
778,8.82177639007568,8.59750881139907,0.996350813891508,0.996467109454116
779,8.69775724411011,8.59763750001616,0.996665163256659,0.996467363695198
780,8.24601483345032,8.59718670172569,0.996603660119999,0.996467538434204
781,8.3797812461853,8.59690833366482,0.996562658028893,0.996467660226258
782,8.89723110198975,8.59729237812559,0.996644662211106,0.996467886571508
783,8.90063858032227,8.59767979345407,0.996473820164828,0.996467894149532
784,8.40317058563232,8.5974316949747,0.996494321210382,0.996467927857518
785,8.2167763710022,8.59694678373397,0.996501154892233,0.996467970184951
786,8.86051511764526,8.59728211240307,0.996603660119999,0.996468142818456
787,8.21878385543823,8.59680117433832,0.996685664302213,0.996468419211701
788,8.22820663452148,8.59633341477002,0.996364481255211,0.996468287310741
789,9.03235554695129,8.59688604104655,0.996528489619637,0.99646836361278
790,9.06377124786377,8.59747703497923,0.996651495892957,0.996468595425793
791,8.87051606178284,8.59782221706116,0.996596826438148,0.996468757538324
792,8.3485324382782,8.59750745723946,0.996528489619637,0.996468832957619
793,8.94867539405823,8.59795029196433,0.996391815982615,0.996468735836591
794,8.23626780509949,8.59749477245946,0.996521655937786,0.996468802486593
795,8.71794533729553,8.59764628260391,0.996391815982615,0.996468705648223
796,8.25483560562134,8.59721561592428,0.996576325392595,0.996468840848907
797,8.84753704071045,8.59752969550368,0.996501154892233,0.996468881393503
798,8.25969099998474,8.59710633874238,0.9962961444367,0.996468664931151
799,9.04399609565735,8.5976656500777,0.996555824347042,0.996468774016778
800,8.75458669662476,8.59786180138588,0.996685664302213,0.996469045129635
801,8.22696232795715,8.59739875585101,0.996378148618913,0.996468931650845
802,8.98459243774414,8.59788154099053,0.9962961444367,0.996468716205441
803,8.87557673454285,8.59822736314938,0.996494321210382,0.996468748092122
804,9.07022953033447,8.59881443052149,0.996323479164104,0.996468567409376
805,8.90205359458923,8.59919112513524,0.996849672666639,0.996469040832056
806,8.8864574432373,8.59954753495919,0.996507988574084,0.996469089154316
807,9.02266502380371,8.60007184411513,0.996624161165553,0.996469281312942
808,8.5837869644165,8.60005168956105,0.996651495892957,0.996469506826036
809,8.24950623512268,8.59961838244802,0.99635764757336,0.996469368557492
810,8.6647937297821,8.59969884583979,0.996740333757022,0.996469703082429
811,8.3553683757782,8.5993975752232,0.996562658028893,0.996469817700119
812,8.9139289855957,8.59978492917686,0.996460152801126,0.996469805797534
813,8.20055031776428,8.59929386569418,0.996104801344869,0.996469356837568
814,8.84648633003235,8.5995975419403,0.996446485437424,0.996469328740025
815,8.31118130683899,8.59924365698926,0.996453319119275,0.996469309096318
816,8.18308520317078,8.59873365888409,0.996583159074446,0.99646944861835
817,8.24332189559937,8.59829863836599,0.996589992756297,0.996469596163195
818,8.91561603546143,8.59868655694435,0.996507988574084,0.996469643097682
819,8.39444994926453,8.598437183797,0.996514822255935,0.99646969826149
820,8.96633887290955,8.59888584439347,0.996282477072997,0.996469469942967
821,8.88187551498413,8.59923053339541,0.996630994847404,0.996469666684629
822,8.2345142364502,8.59878683960351,0.996630994847404,0.996469862947601
823,8.33206510543823,8.59846275487184,0.996514822255935,0.996469917576165
824,8.30759644508362,8.59810976177743,0.996214140254486,0.996469607166794
825,8.9569149017334,8.59854467709859,0.996849672666639,0.996470067852248
826,8.33050274848938,8.59822017113175,0.996289310754849,0.99646984901799
827,8.31074571609497,8.59787255994066,0.996391815982615,0.996469754661236
828,8.28479886054993,8.59749445160806,0.996207306572635,0.996469437694946
829,8.2212700843811,8.5970406224558,0.996637828529255,0.996469640820198
830,8.97038102149963,8.59749043016549,0.996405483346317,0.996469563522037
831,8.2021496295929,8.5970146891299,0.996603660119999,0.996469724889784
832,8.92613863945007,8.59741027080096,0.996248308663742,0.996469458764512
833,8.94582056999207,8.59782853046385,0.996528489619637,0.996469529629885
834,8.37921619415283,8.59756640536036,0.996596826438148,0.996469682263947
835,8.78231120109558,8.59778765661274,0.996658329574808,0.99646990818887
836,8.21997857093811,8.59733573186911,0.996371314937062,0.996469790254359
837,8.22826099395752,8.59689478236145,0.996692497984064,0.996470056332889
838,8.26668357849121,8.59650073557879,0.996480653846679,0.996470068979087
839,8.20254421234131,8.59603118072392,0.996432818073722,0.996470024579915
840,8.20856308937073,8.59556990918659,0.996460152801126,0.996470012827797
841,8.89601731300354,8.59592715936949,0.996282477072997,0.996469789836412
842,8.90088176727295,8.59628933823873,0.996576325392595,0.996469916363201
843,9.04542684555054,8.59682212294491,0.996548990665191,0.996470010164271
844,9.08496022224426,8.59740048562181,0.996712999029617,0.99647029806577
845,9.0503716468811,8.59793654616768,0.996555824347042,0.996470399280304
846,8.35771989822388,8.59765260213938,0.996412317028168,0.99647033062516
847,8.23431158065796,8.59722362808804,0.996651495892957,0.996470544515677
848,8.92801570892334,8.59761371308903,0.996603660119999,0.996470701491625
849,8.25922417640686,8.59721513884087,0.996275643391146,0.996470471741212
850,8.89289975166321,8.59756300309125,0.996494321210382,0.996470499799411
851,8.25737190246582,8.59716324856643,0.996740333757022,0.996470816878092
852,9.72090888023376,8.59848219883834,0.996289310754849,0.996470603842737
853,8.44336366653442,8.59830034827292,0.996562658028893,0.996470711760891
854,8.36696290969849,8.5980294613425,0.99623464130004,0.99647043533178
855,8.97004342079163,8.59846456538864,0.996391815982615,0.996470343379325
856,8.33552837371826,8.59815739694043,0.996719832711468,0.996470634838825
857,8.9821949005127,8.598605515381,0.996494321210382,0.996470662477532
858,9.32561659812927,8.59945284764528,0.996562658028893,0.996470769698454
859,8.82948207855225,8.59972063487567,0.996473820164828,0.996470773249638
860,9.12008357048035,8.60032570805661,0.996535323301488,0.996470848307837
861,8.95037412643433,8.6007322683567,0.996220973936337,0.996470558093701
862,8.8859326839447,8.60106312730749,0.996364481255211,0.996470435034724
863,8.18763399124146,8.6005840668949,0.996378148618913,0.996470328097973
864,8.24279475212097,8.60016995889169,0.996589992756297,0.996470466598735
865,9.0208592414856,8.60065630488313,0.996425984391871,0.996470415174218
866,8.65053009986877,8.60071389587041,0.996569491710744,0.996470529581304
867,8.9725513458252,8.60114277412872,0.996494321210382,0.99647055702263
868,8.23511958122253,8.60072108842261,0.996651495892957,0.996470765477549
869,8.66993737220764,8.60080073892179,0.996343980209657,0.996470619579658
870,8.26773381233215,8.60041790337398,0.996432818073722,0.996470576129651
871,8.88328051567078,8.60074265953046,0.996494321210382,0.996470603391512
872,9.04180884361267,8.6012484693746,0.996364481255211,0.996470481691814
873,8.25139141082764,8.60084771673021,0.996466986482977,0.996470477688138
874,8.21384525299072,8.60040492214927,0.996521655937786,0.996470536244488
875,8.29744410514832,8.60005868121556,0.996473820164828,0.99647053999754
876,8.97899150848389,8.60049125293618,0.996555824347042,0.996470637354103
877,8.38633871078491,8.60024706531686,0.996323479164104,0.996470469556851
878,8.882572889328,8.60056862092507,0.996562658028893,0.996470574555111
879,8.94892144203186,8.60096492675113,0.996535323301488,0.996470648216938
880,8.72544836997986,8.60110638520934,0.996760834802575,0.996470977974422
881,8.83772158622742,8.60137496091992,0.996617327483702,0.996471144091913
882,8.92143702507019,8.60173784307882,0.996726666393319,0.996471433799738
883,8.86064386367798,8.60203105488018,0.996630994847404,0.996471614503076
884,8.86810684204102,8.60233204558964,0.996412317028168,0.996471547424484
885,8.86678338050842,8.60263086065734,0.99635764757336,0.996471418724088
886,8.77186226844788,8.60282186676094,0.996501154892233,0.996471452286354
887,8.72298359870911,8.60295733658276,0.996364481255211,0.996471331687672
888,8.87317895889282,8.60326164021148,0.996337146527806,0.996471180578258
889,8.37753248214722,8.60300772664786,0.996480653846679,0.996471191234352
890,8.24273419380188,8.60260292492556,0.996480653846679,0.996471201866501
891,8.98427534103394,8.60303128902893,0.996610493801851,0.99647135819864
892,8.16792726516724,8.60254350424882,0.996405483346317,0.996471284347908
893,8.84805130958557,8.60281842900284,0.996480653846679,0.996471294840068
894,8.91275858879089,8.6031651182196,0.996371314937062,0.996471183005725
895,8.16677308082581,8.60267752935101,0.996384982300764,0.996471086692088
896,8.33447527885437,8.60237819648215,0.996535323301488,0.996471158384732
897,8.87291765213013,8.60267980122646,0.996302978118551,0.996470970892797
898,8.25376081466675,8.60229125001648,0.996460152801126,0.996470958845924
899,8.27441310882568,8.60192653573262,0.996193639208933,0.996470650370243
900,8.66277170181274,8.60199414147271,0.996391815982615,0.996470562776479
901,8.35801529884338,8.60172335474393,0.996589992756297,0.996470695329176
902,8.90518116950989,8.60205978247649,0.996665163256659,0.996470910925548
903,8.89382100105286,8.60238288460116,0.996589992756297,0.996471042799115
904,8.88555288314819,8.60269612574999,0.996542156983339,0.996471121465248
905,8.27606630325317,8.60233520881906,0.996466986482977,0.996471116896207
906,8.99236106872559,8.60276570093816,0.996583159074446,0.99647124056307
907,9.17670845985413,8.60339849339562,0.996446485437424,0.996471213269657
908,8.35151672363281,8.60312109056548,0.996330312845955,0.996471058092979
909,8.36722731590271,8.60286158146245,0.996548990665191,0.996471143827382
910,9.16292977333069,8.60347704101395,0.996473820164828,0.996471146768412
911,9.2280056476593,8.60416258284342,0.996548990665191,0.996471232217256
912,8.94738698005676,8.60453892538422,0.996589992756297,0.996471362437145
913,8.25756025314331,8.60415888302689,0.996754001120724,0.99647167200854
914,8.99089908599854,8.60458201235181,0.996617327483702,0.996471831369016
915,8.89813232421875,8.60490283236478,0.996542156983339,0.996471908227611
916,8.232994556427,8.6044968189631,0.996302978118551,0.996471723806095
917,8.19304013252258,8.6040481202865,0.996583159074446,0.996471845327652
918,9.09498143196106,8.60458290602906,0.996255142345593,0.996471609267759
919,8.58571839332581,8.60456237881176,0.996781335848128,0.996471946293418
920,8.97370576858521,8.60496362162673,0.996480653846679,0.99647195575815
921,8.86968564987183,8.60525105053905,0.996637828529255,0.996472135858878
922,8.96102499961853,8.60563692250117,0.996432818073722,0.99647209321486
923,8.88916850090027,8.60594410730984,0.996412317028168,0.996472028451927
924,8.82867002487183,8.60618515267517,0.996275643391146,0.996471815913982
925,8.93401408195496,8.60653956232844,0.99641915071002,0.996471758978627
926,8.36289191246033,8.60627644391606,0.996774502166277,0.996472085915115
927,9.00358748435974,8.60670504266519,0.996576325392595,0.99647219836331
928,8.56837582588196,8.60666373962986,0.996596826438148,0.996472332660805
929,8.90380454063416,8.6069835897924,0.996507988574084,0.996472371041766
930,8.57800841331482,8.60695243368867,0.996453319119275,0.996472350555828
931,8.41830229759216,8.60674980196354,0.996548990665191,0.996472432876032
932,8.32353830337524,8.60644592696505,0.996480653846679,0.996472441696815
933,8.99414944648743,8.60686147200205,0.996665163256659,0.996472648257973
934,8.54663991928101,8.60679699496488,0.996583159074446,0.996472766577905
935,8.30696368217468,8.606476317625,0.996535323301488,0.996472833483492
936,8.49007487297058,8.6063519571072,0.996248308663742,0.996472593606547
937,9.44670224189758,8.60724880906536,0.996596826438148,0.99647272619228
938,8.31339240074158,8.60693552931235,0.996501154892233,0.996472756500063
939,8.69412040710449,8.60702837795749,0.996507988574084,0.996472794020908
940,9.08556270599365,8.60753745702987,0.996364481255211,0.996472678794562
941,8.74734306335449,8.60768602834371,0.996378148618913,0.996472578337414
942,8.94058775901794,8.60803942720855,0.996610493801851,0.996472724744489
943,8.72460961341858,8.60816304352478,0.996364481255211,0.99647260995818
944,8.2404613494873,8.60777352901839,0.996637828529255,0.996472784977853
945,8.56770896911621,8.6077311326587,0.996603660119999,0.996472923470067
946,8.863126039505,8.60800110613317,0.996685664302213,0.996473148354668
947,9.03861093521118,8.60845581556197,0.996309811800402,0.996472975876786
948,8.33818507194519,8.60817071984086,0.996569491710744,0.996473077686737
949,8.26861643791199,8.60781291764705,0.996542156983339,0.996473150478409
950,8.91117858886719,8.60813224993254,0.996576325392595,0.996473259083582
951,8.2217435836792,8.60772595270199,0.996535323301488,0.996473324345641
952,9.02197480201721,8.60816108804791,0.996432818073722,0.996473281797036
953,9.10959553718567,8.6086872522128,0.996398649664466,0.9964732034842
954,8.93894577026367,8.60903343514576,0.996432818073722,0.996473161151484
955,8.9950840473175,8.60943767662448,0.996384982300764,0.996473068817609
956,8.39587020874023,8.60921427969154,0.996521655937786,0.996473119640957
957,8.9531831741333,8.60957370382367,0.996391815982615,0.996473034684156
958,9.03632020950317,8.61001915946634,0.996562658028893,0.996473128236708
959,8.22905850410461,8.60962191165053,0.996453319119275,0.996473107580694
960,8.28828859329224,8.60928718944391,0.996644662211106,0.996473286283434
961,8.94895648956299,8.60964064345027,0.996330312845955,0.996473137507744
962,9.01641774177551,8.61006348866683,0.996644662211106,0.996473315807852
963,9.04963397979736,8.61051994815918,0.996726666393319,0.996473578892572
964,8.89148688316345,8.61081140763532,0.99641915071002,0.996473522431802
965,8.4295220375061,8.61062354300306,0.996501154892233,0.996473551066476
966,8.90169906616211,8.61092486342041,0.996466986482977,0.996473544270841
967,8.66751432418823,8.61098338406236,0.996248308663742,0.996473311348806
968,9.07677793502808,8.6114645767803,0.996309811800402,0.996473142444314
969,8.93815040588379,8.61180171385884,0.996487487528531,0.996473157248323
970,8.36292600631714,8.61154514096447,0.996309811800402,0.996472988850954
971,8.97754716873169,8.61192207405177,0.996501154892233,0.996473017858205
972,8.39785099029541,8.61170183631128,0.996699331665915,0.996473250691341
973,8.37845754623413,8.61146211967194,0.996494321210382,0.99647327234655
974,8.95687627792358,8.61181675433133,0.996555824347042,0.996473357102198
975,9.01138257980347,8.61222656543438,0.996241474981891,0.996473119274382
976,8.47001218795776,8.61208085398205,0.996412317028168,0.996473056976999
977,8.87428784370422,8.61234923370541,0.996514822255935,0.996473099725493
978,8.97655558586121,8.61272163283849,0.996261976027444,0.996472883852591
979,8.27508544921875,8.61237675420354,0.996125302390422,0.996472528815347
980,8.46586775779724,8.61222725522761,0.996364481255211,0.996472418562734
981,9.03138184547424,8.61265452800055,0.996255142345593,0.996472197078313
982,8.4873743057251,8.61252695139945,0.996644662211106,0.996472372704721
983,8.34786128997803,8.61225770861062,0.996405483346317,0.996472304658579
984,8.9196310043335,8.61257007984611,0.996501154892233,0.996472333977922
985,9.01468229293823,8.61297831559544,0.996425984391871,0.996472286922504
986,8.45848035812378,8.61282162395501,0.996487487528531,0.996472302338941
987,8.67685103416443,8.61288649671104,0.996528489619637,0.996472359266277
988,8.39621376991272,8.61266719233169,0.996309811800402,0.99647219474455
989,8.29766011238098,8.61234868163407,0.996562658028893,0.996472286213998
990,8.93840050697327,8.61267802691219,0.996603660119999,0.996472418914913
991,8.34347033500671,8.6124063743472,0.996514822255935,0.99647246170335
992,9.06738495826721,8.61286502211325,0.996378148618913,0.996472366629677
993,8.9147891998291,8.61316907465878,0.996227807618189,0.996472120346684
994,8.89955067634583,8.61345718492205,0.996480653846679,0.996472128931694
995,8.23929786682129,8.61308114540637,0.996685664302213,0.996472343540107
996,8.97193288803101,8.61344143832065,0.996466986482977,0.996472338161535
997,8.5632336139679,8.61339107941959,0.996644662211106,0.996472511004113
998,8.33356618881226,8.61311069375766,0.996651495892957,0.996472690347689
999,8.35900187492371,8.61285633057565,0.996521655937786,0.996472739362293
1000,8.88572716712952,8.6131292014122,0.996603660119999,0.996472870283051
