"ite","Acuracia","TExecS","MediaAcCumulativa","MediaTCumulativa"
1,0,8.15600872039795,0,8.15600872039795
2,0,9.70779299736023,0,17.8638017177582
3,0,8.75302839279175,0,26.6168301105499
4,0,8.92030501365662,0,35.5371351242065
5,0,8.79196953773499,0,44.3291046619415
6,0,9.94506692886353,0,54.2741715908051
7,0,8.84250211715698,0,63.116673707962
8,0,9.44698119163513,0,72.5636548995972
9,0,10.5668423175812,0,83.1304972171783
10,0,10.8929798603058,0,94.0234770774841
11,0,9.50796842575073,0,103.531445503235
12,0,10.8106169700623,0,114.342062473297
13,0,8.80853128433228,0,123.150593757629
14,0,8.78221487998962,0,131.932808637619
15,0,8.91348147392273,0,140.846290111542
16,0,8.80609059333801,0,149.65238070488
17,0,8.54969048500061,0,158.20207118988
18,0,10.3957006931305,0,168.597771883011
19,0,9.35820317268372,0,177.955975055695
20,0,9.24382877349854,0,187.199803829193
21,0,10.5397448539734,0,197.739548683167
22,0,9.19126963615417,0,206.930818319321
23,0,9.1883065700531,0,216.119124889374
24,0,9.54523015022278,0,225.664355039597
25,0,8.57341122627258,0,234.237766265869
26,0,9.87267804145813,0,244.110444307327
27,0,9.53150057792664,0,253.641944885254
28,0,8.82281947135925,0,262.464764356613
29,0,9.81787276268005,0,272.282637119293
30,0,9.64372515678406,0,281.926362276077
31,0,8.41192173957825,0,290.338284015656
32,0,9.92363953590393,0,300.261923551559
33,0,9.17339897155762,0,309.435322523117
34,0,11.5821578502655,0,321.017480373383
35,0,10.0304796695709,0,331.047960042953
36,0,9.6433219909668,0,340.69128203392
37,0,9.30373120307922,0,349.995013237
38,0,9.23294806480408,0,359.227961301804
39,0,8.91720008850098,0,368.145161390305
40,0,8.70520162582397,0,376.850363016129
41,0,8.47698473930359,0,385.327347755432
42,0,8.60506272315979,0,393.932410478592
43,0,8.7748908996582,0,402.70730137825
44,0,9.03552532196045,0,411.742826700211
45,0,9.85434103012085,0,421.597167730331
46,0,8.70366930961609,0,430.300837039948
47,0,9.45199728012085,0,439.752834320068
48,0,8.82163214683533,0,448.574466466904
49,0,8.65825152397156,0,457.232717990875
50,0,8.64871072769165,0,465.881428718567
51,0,8.75170111656189,0,474.633129835129
52,0,9.37920665740967,0,484.012336492538
53,0,9.69102549552917,0,493.703361988068
54,0,9.31152534484863,0,503.014887332916
55,0,8.58056950569153,0,511.595456838608
56,0,9.81170129776001,0,521.407158136368
57,0,8.94419479370117,0,530.351352930069
58,0,9.83999419212341,0,540.191347122192
59,0,11.1067998409271,0,551.29814696312
60,0,9.22140312194824,0,560.519550085068
61,0,9.18922424316406,0,569.708774328232
62,0,9.27920007705688,0,578.987974405289
63,0,8.67718911170959,0,587.665163516998
64,0,9.65364384651184,0,597.31880736351
65,0,8.85045027732849,0,606.169257640839
66,0,8.56338667869568,0,614.732644319534
67,0,9.07801675796509,0,623.810661077499
68,0,9.31304526329041,0,633.12370634079
69,0,9.22663116455078,0,642.350337505341
70,0,8.92405152320862,0,651.274389028549
71,0,9.61187219619751,0,660.886261224747
72,0,9.14174938201904,0,670.028010606766
73,0,8.74345946311951,0,678.771470069885
74,0,8.55379867553711,0,687.325268745422
75,0,8.75406169891357,0,696.079330444336
76,0,10.1271913051605,0,706.206521749496
77,0,9.08238506317139,0,715.288906812668
78,0,9.69596147537231,0,724.98486828804
79,0,11.9427485466003,0,736.927616834641
80,0,9.23104596138,0,746.158662796021
81,0,8.72018456459045,0,754.878847360611
82,0,8.33211064338684,0,763.210958003998
83,0,10.9052066802979,0,774.116164684296
84,0,8.71455693244934,0,782.830721616745
85,0,8.73490524291992,0,791.565626859665
86,0,10.5700860023499,0,802.135712862015
87,0,8.64851808547974,0,810.784230947495
88,0,9.718829870224,0,820.503060817719
89,0,9.38341546058655,0,829.886476278305
90,0,9.12686920166016,0,839.013345479965
91,0,11.0973761081696,0,850.110721588135
92,0,11.9533615112305,0,862.064083099365
93,0,9.05038642883301,0,871.114469528198
94,0,8.74988484382629,0,879.864354372025
95,0,9.61392164230347,0,889.478276014328
96,0,9.7509434223175,0,899.229219436646
97,0,9.09459257125854,0,908.323812007904
98,0,9.16584229469299,0,917.489654302597
99,0,10.1348972320557,0,927.624551534653
100,0,9.05129933357239,0,936.675850868225
101,0,8.52156710624695,0,945.197417974472
102,0,8.59135174751282,0,953.788769721985
103,0,8.71063041687012,0,962.499400138855
104,0,10.7734131813049,0,973.27281332016
105,0,8.73188543319702,0,982.004698753357
106,0,8.34077978134155,0,990.345478534698
107,0,10.9738214015961,0,1001.31929993629
108,0,9.12941026687622,0,1010.44871020317
109,0,8.72608184814453,0,1019.17479205132
110,0,9.03409743309021,0,1028.20888948441
111,0,9.4051399230957,0,1037.6140294075
112,0,8.7633638381958,0,1046.3773932457
113,0,8.77736043930054,0,1055.154753685
114,0,9.24121975898743,0,1064.39597344398
115,0,8.85145258903503,0,1073.24742603302
116,0,8.74913859367371,0,1081.99656462669
117,0,8.74112129211426,0,1090.73768591881
118,0,9.11261558532715,0,1099.85030150414
119,0,8.89785742759705,0,1108.74815893173
120,0,9.20319771766663,0,1117.9513566494
121,0,9.399338722229,0,1127.35069537163
122,0,8.98821902275085,0,1136.33891439438
123,0,8.84917449951172,0,1145.18808889389
124,0,9.17811489105225,0,1154.36620378494
125,0,9.17377805709839,0,1163.53998184204
126,0,7.94507479667664,0,1171.48505663872
127,0,7.59878778457642,0,1179.08384442329
128,0,7.68629598617554,0,1186.77014040947
129,0,8.66252613067627,0,1195.43266654015
130,0,7.284255027771,0,1202.71692156792
131,0,7.80218291282654,0,1210.51910448074
132,0,7.67759823799133,0,1218.19670271873
133,0,8.07527446746826,0,1226.2719771862
134,0,8.83969044685364,0,1235.11166763306
135,0,8.37774133682251,0,1243.48940896988
136,0,9.26065683364868,0,1252.75006580353
137,0,10.0225763320923,0,1262.77264213562
138,0,8.75708794593811,0,1271.52973008156
139,0,10.623327255249,0,1282.15305733681
140,0,8.60705852508545,0,1290.76011586189
141,0,8.16080927848816,0,1298.92092514038
142,0,9.27023696899414,0,1308.19116210938
143,0,8.55676674842834,0,1316.7479288578
144,0,7.72193145751953,0,1324.46986031532
145,0,7.50635886192322,0,1331.97621917725
146,0,8.66982364654541,0,1340.64604282379
147,0,8.14298105239868,0,1348.78902387619
148,0,7.73343372344971,0,1356.52245759964
149,0,7.3267343044281,0,1363.84919190407
150,0,7.83096170425415,0,1371.68015360832
151,0,7.52449893951416,0,1379.20465254784
152,0,8.3334367275238,0,1387.53808927536
153,0,7.45678424835205,0,1394.99487352371
154,0,7.11535406112671,0,1402.11022758484
155,0,8.74963021278381,0,1410.85985779762
156,0,6.97039842605591,0,1417.83025622368
157,0,7.53242063522339,0,1425.3626768589
158,0,7.78361845016479,0,1433.14629530907
159,0,7.80484390258789,0,1440.95113921165
160,0,7.60180950164795,0,1448.5529487133
161,0,7.61125111579895,0,1456.1641998291
162,0,7.81080198287964,0,1463.97500181198
163,0,8.02654147148132,0,1472.00154328346
164,0,7.88439083099365,0,1479.88593411446
165,0,8.49798130989075,0,1488.38391542435
166,0,7.71721315383911,0,1496.10112857819
167,0,8.06267213821411,0,1504.1638007164
168,0,8.03546142578125,0,1512.19926214218
169,0,10.4480268955231,0,1522.6472890377
170,0,8.01664400100708,0,1530.66393303871
171,0,8.66822099685669,0,1539.33215403557
172,0,6.26701021194458,0,1545.59916424751
173,0,7.15195727348328,0,1552.751121521
174,0,6.85648202896118,0,1559.60760354996
175,0,7.68784999847412,0,1567.29545354843
176,0,7.67049145698547,0,1574.96594500542
177,0,7.64464640617371,0,1582.61059141159
178,0,7.76747918128967,0,1590.37807059288
179,0,8.25447487831116,0,1598.63254547119
180,0,7.76420474052429,0,1606.39675021172
181,0,9.3460099697113,0,1615.74276018143
182,0,8.45874643325806,0,1624.20150661469
183,0,9.92787170410156,0,1634.12937831879
184,0,9.20220017433167,0,1643.33157849312
185,0,7.34499263763428,0,1650.67657113075
186,0,7.94208765029907,0,1658.61865878105
187,0,6.91738176345825,0,1665.53604054451
188,0,7.40649771690369,0,1672.94253826141
189,0,7.20746898651123,0,1680.15000724792
190,0,6.91817474365234,0,1687.06818199158
191,0,6.8341326713562,0,1693.90231466293
192,0,6.84935879707336,0,1700.75167346001
193,0,6.62481546401978,0,1707.37648892403
194,0,6.84596300125122,0,1714.22245192528
195,0,7.02747631072998,0,1721.24992823601
196,0,7.58159923553467,0,1728.83152747154
197,0,6.75484085083008,0,1735.58636832237
198,0,9.58446955680847,0,1745.17083787918
199,0,6.7667863368988,0,1751.93762421608
200,0,7.09590816497803,0,1759.03353238106
201,0,8.69147157669067,0,1767.72500395775
202,0,7.38575863838196,0,1775.11076259613
203,0,8.35958170890808,0,1783.47034430504
204,0,6.99784469604492,0,1790.46818900108
205,0,6.72007298469543,0,1797.18826198578
206,0,8.10182929039001,0,1805.29009127617
207,0,6.61188054084778,0,1811.90197181702
208,0,6.48426079750061,0,1818.38623261452
209,0,7.54501843452454,0,1825.93125104904
210,0,7.55655336380005,0,1833.48780441284
211,0,6.95610499382019,0,1840.44390940666
212,0,6.83188033103943,0,1847.2757897377
213,0,6.64980316162109,0,1853.92559289932
214,0,6.48925971984863,0,1860.41485261917
215,0,7.03043460845947,0,1867.44528722763
216,0,8.06210947036743,0,1875.507396698
217,0,9.56212472915649,0,1885.06952142715
218,0,7.39576053619385,0,1892.46528196335
219,0,7.65002870559692,0,1900.11531066895
220,0,7.09775590896606,0,1907.21306657791
221,0,6.56192970275879,0,1913.77499628067
222,0,6.88768792152405,0,1920.66268420219
223,0,7.37977051734924,0,1928.04245471954
224,0,7.94648265838623,0,1935.98893737793
225,0,6.81872272491455,0,1942.80766010284
226,0,6.86422443389893,0,1949.67188453674
227,0,7.31600975990295,0,1956.98789429665
228,0,6.9401535987854,0,1963.92804789543
229,0,6.64128351211548,0,1970.56933140755
230,0,6.79749417304993,0,1977.3668255806
231,0,7.32190108299255,0,1984.68872666359
232,0,6.89537954330444,0,1991.58410620689
233,0,6.33141279220581,0,1997.9155189991
234,0,7.23076796531677,0,2005.14628696442
235,0,6.50912666320801,0,2011.65541362762
236,0,6.8533239364624,0,2018.50873756409
237,0,6.58318638801575,0,2025.0919239521
238,0,6.8889000415802,0,2031.98082399368
239,0,7.4423885345459,0,2039.42321252823
240,0,7.19774556159973,0,2046.62095808983
241,0,6.66154026985168,0,2053.28249835968
242,0,7.01540470123291,0,2060.29790306091
243,0,7.36419272422791,0,2067.66209578514
244,0,7.19077849388123,0,2074.85287427902
245,0,7.20982623100281,0,2082.06270051003
246,0,6.90333461761475,0,2088.96603512764
247,0,6.80392670631409,0,2095.76996183395
248,0,6.80841684341431,0,2102.57837867737
249,0,6.84993720054626,0,2109.42831587791
250,0,6.72474002838135,0,2116.1530559063
251,0,6.8694806098938,0,2123.02253651619
252,0,7.40049386024475,0,2130.42303037643
253,0,6.50336503982544,0,2136.92639541626
254,0,6.92076945304871,0,2143.84716486931
255,0,6.8345320224762,0,2150.68169689178
256,0,6.5915424823761,0,2157.27323937416
257,0,7.04989123344421,0,2164.3231306076
258,0,6.80388975143433,0,2171.12702035904
259,0,8.03846573829651,0,2179.16548609734
260,0,8.67660927772522,0,2187.84209537506
261,0,6.91858839988708,0,2194.76068377495
262,0,6.66438055038452,0,2201.42506432533
263,0,7.27987241744995,0,2208.70493674278
264,0,6.79526281356812,0,2215.50019955635
265,0,8.84190535545349,0,2224.3421049118
266,0,6.54427933692932,0,2230.88638424873
267,0,6.55420637130737,0,2237.44059062004
268,0,6.58521342277527,0,2244.02580404282
269,0,6.53171873092651,0,2250.55752277374
270,0,6.89858889579773,0,2257.45611166954
271,0,6.79926323890686,0,2264.25537490845
272,0,7.34706234931946,0,2271.60243725777
273,0,6.4518301486969,0,2278.05426740646
274,0,6.39850974082947,0,2284.45277714729
275,0,7.52617263793945,0,2291.97894978523
276,0,6.62110137939453,0,2298.60005116463
277,0,6.01490497589111,0,2304.61495614052
278,0,8.89321899414062,0,2313.50817513466
279,0,7.63145542144775,0,2321.13963055611
280,0,6.62467002868652,0,2327.76430058479
281,0,8.19838380813599,0,2335.96268439293
282,0,6.43200278282166,0,2342.39468717575
283,0,6.60447835922241,0,2348.99916553497
284,0,6.62765288352966,0,2355.6268184185
285,0,7.31098055839539,0,2362.9377989769
286,0,6.56954193115234,0,2369.50734090805
287,0,6.71563911437988,0,2376.22298002243
288,0,6.47676658630371,0,2382.69974660873
289,0,6.59852981567383,0,2389.29827642441
290,0,6.56362414360046,0,2395.86190056801
291,0,7.36721062660217,0,2403.22911119461
292,0,8.21522426605225,0,2411.44433546066
293,0,8.40997123718262,0,2419.85430669785
294,0,8.89945197105408,0,2428.7537586689
295,0,7.25520300865173,0,2436.00896167755
296,0,5.945157289505,0,2441.95411896706
297,0,5.89163327217102,0,2447.84575223923
298,0,6.76117420196533,0,2454.60692644119
299,0,7.59575891494751,0,2462.20268535614
300,0,6.81540012359619,0,2469.01808547974
301,0,6.38949990272522,0,2475.40758538246
302,0,9.66502165794373,0,2485.07260704041
303,0,6.30921101570129,0,2491.38181805611
304,0,6.10013127326965,0,2497.48194932938
305,0,6.26977825164795,0,2503.75172758102
306,0,6.21561121940613,0,2509.96733880043
307,0,6.28614497184753,0,2516.25348377228
308,0,6.13714742660522,0,2522.39063119888
309,0,6.27823996543884,0,2528.66887116432
310,0,6.43799877166748,0,2535.10686993599
311,0,5.80754375457764,0,2540.91441369057
312,0,6.2000515460968,0,2547.11446523666
313,0,6.48588275909424,0,2553.60034799576
314,0,5.63081908226013,0,2559.23116707802
315,0,6.11219954490662,0,2565.34336662292
316,0,6.33570408821106,0,2571.67907071114
317,0,6.69783091545105,0,2578.37690162659
318,0,5.90283346176147,0,2584.27973508835
319,0,5.76693272590637,0,2590.04666781425
320,0,6.09633183479309,0,2596.14299964905
321,0,6.05674886703491,0,2602.19974851608
322,0,5.47858738899231,0,2607.67833590508
323,0,7.1258978843689,0,2614.80423378944
324,0,5.77667355537415,0,2620.58090734482
325,0,6.00691747665405,0,2626.58782482147
326,0,6.0460352897644,0,2632.63386011124
327,0,5.92652225494385,0,2638.56038236618
328,0,6.37552762031555,0,2644.9359099865
329,0,6.13221430778503,0,2651.06812429428
330,0,5.98580861091614,0,2657.0539329052
331,0,8.12122583389282,0,2665.17515873909
332,0,7.78439450263977,0,2672.95955324173
333,0,5.7519702911377,0,2678.71152353287
334,0,6.48838376998901,0,2685.19990730286
335,0,6.76273894309998,0,2691.96264624596
336,0,6.29905652999878,0,2698.26170277596
337,0,7.775071144104,0,2706.03677392006
338,0,6.21877789497375,0,2712.25555181503
339,0,6.34646940231323,0,2718.60202121735
340,0,6.14730262756348,0,2724.74932384491
341,0,5.85456228256226,0,2730.60388612747
342,0,6.00471425056458,0,2736.60860037804
343,0,6.04409861564636,0,2742.65269899368
344,0,6.06213355064392,0,2748.71483254433
345,0,5.91851162910461,0,2754.63334417343
346,0,6.04381728172302,0,2760.67716145515
347,0,6.05453014373779,0,2766.73169159889
348,0,6.20931506156921,0,2772.94100666046
349,0,6.03545570373535,0,2778.9764623642
350,0,8.96023988723755,0,2787.93670225143
351,0,5.71733450889587,0,2793.65403676033
352,0,6.34568905830383,0,2799.99972581863
353,0,6.06344389915466,0,2806.06316971779
354,0,8.16788196563721,0,2814.23105168343
355,0,7.77187490463257,0,2822.00292658806
356,0,5.97445297241211,0,2827.97737956047
357,0,6.50436735153198,0,2834.481746912
358,0,6.54160284996033,0,2841.02334976196
359,0,6.28331995010376,0,2847.30666971207
360,0,6.15452694892883,0,2853.461196661
361,0,6.31177449226379,0,2859.77297115326
362,0,7.00303554534912,0,2866.77600669861
363,0,5.98271131515503,0,2872.75871801376
364,0,6.10291433334351,0,2878.86163234711
365,0,6.24511528015137,0,2885.10674762726
366,0,6.1387939453125,0,2891.24554157257
367,0,6.16398739814758,0,2897.40952897072
368,0,8.37938261032104,0,2905.78891158104
369,0,6.03057241439819,0,2911.81948399544
370,0,5.75934076309204,0,2917.57882475853
371,0,5.79315829277039,0,2923.3719830513
372,0,5.90298962593079,0,2929.27497267723
373,0,5.88842821121216,0,2935.16340088844
374,0,5.8898754119873,0,2941.05327630043
375,0,6.72840166091919,0,2947.78167796135
376,0,5.80126261711121,0,2953.58294057846
377,0,6.15608835220337,0,2959.73902893066
378,0,5.88066840171814,0,2965.61969733238
379,0,6.04271793365479,0,2971.66241526604
380,0,6.2044243812561,0,2977.86683964729
381,0,7.14854407310486,0,2985.0153837204
382,0,5.98611617088318,0,2991.00149989128
383,0,6.94778108596802,0,2997.94928097725
384,0,6.93146967887878,0,3004.88075065613
385,0,6.36672163009644,0,3011.24747228622
386,0,5.88048577308655,0,3017.12795805931
387,0,6.35011839866638,0,3023.47807645798
388,0,6.63402390480042,0,3030.11210036278
389,0,6.50687146186829,0,3036.61897182465
390,0,7.15697169303894,0,3043.77594351768
391,0,6.80286502838135,0,3050.57880854607
392,0,7.08438110351562,0,3057.66318964958
393,0,6.59373593330383,0,3064.25692558289
394,0,6.53272771835327,0,3070.78965330124
395,0,5.93751287460327,0,3076.72716617584
396,0,6.00911140441895,0,3082.73627758026
397,0,6.19081687927246,0,3088.92709445953
398,0,6.19424104690552,0,3095.12133550644
399,0,6.59835982322693,0,3101.71969532967
400,0,6.3834125995636,0,3108.10310792923
401,0,6.17020869255066,0,3114.27331662178
402,0,6.55296421051025,0,3120.82628083229
403,0,8.73014616966248,0,3129.55642700195
404,0,6.51230669021606,0,3136.06873369217
405,0,5.69113063812256,0,3141.75986433029
406,0,5.78881978988647,0,3147.54868412018
407,0,6.23402118682861,0,3153.78270530701
408,0,5.83685803413391,0,3159.61956334114
409,0,6.06651139259338,0,3165.68607473373
410,0,6.03083610534668,0,3171.71691083908
411,0,5.99422645568848,0,3177.71113729477
412,0,6.42035865783691,0,3184.13149595261
413,0,5.96870470046997,0,3190.10020065308
414,0,6.12654423713684,0,3196.22674489021
415,0,7.98069953918457,0,3204.2074444294
416,0,6.28340888023376,0,3210.49085330963
417,0,7.61034107208252,0,3218.10119438171
418,0,5.80444884300232,0,3223.90564322472
419,0,6.48820543289185,0,3230.39384865761
420,0,6.00056886672974,0,3236.39441752434
421,0,6.25783753395081,0,3242.65225505829
422,0,5.66858816146851,0,3248.32084321976
423,0,6.01134037971497,0,3254.33218359947
424,0,6.15638756752014,0,3260.48857116699
425,0,6.06665921211243,0,3266.5552303791
426,0,8.5401918888092,0,3275.09542226791
427,0,5.90507793426514,0,3281.00050020218
428,0,6.1264066696167,0,3287.1269068718
429,0,6.22095131874084,0,3293.34785819054
430,0,6.2383770942688,0,3299.58623528481
431,0,6.19094276428223,0,3305.77717804909
432,0,6.92048335075378,0,3312.69766139984
433,0,6.21646904945374,0,3318.9141304493
434,0,5.88849139213562,0,3324.80262184143
435,0,7.75669288635254,0,3332.55931472778
436,0,6.25651049613953,0,3338.81582522392
437,0,6.07267999649048,0,3344.88850522041
438,0,6.23449015617371,0,3351.12299537659
439,0,6.66375803947449,0,3357.78675341606
440,0,6.34923577308655,0,3364.13598918915
441,0,6.06371784210205,0,3370.19970703125
442,0,7.0598418712616,0,3377.25954890251
443,0,6.49404120445251,0,3383.75359010696
444,0,8.84995198249817,0,3392.60354208946
445,0,6.61688828468323,0,3399.22043037415
446,0,6.00126671791077,0,3405.22169709206
447,0,6.45159316062927,0,3411.67329025269
448,0,6.72117495536804,0,3418.39446520805
449,0,8.40536665916443,0,3426.79983186722
450,0,8.53872513771057,0,3435.33855700493
451,0,6.18977618217468,0,3441.5283331871
452,0,6.68109965324402,0,3448.20943284035
453,0,6.32307529449463,0,3454.53250813484
454,0,6.03616237640381,0,3460.56867051125
455,0,6.42821431159973,0,3466.99688482285
456,0,5.86697745323181,0,3472.86386227608
457,0,6.23719048500061,0,3479.10105276108
458,0,7.01455044746399,0,3486.11560320854
459,0,5.70894360542297,0,3491.82454681396
460,0,5.94709038734436,0,3497.77163720131
461,0,5.93635869026184,0,3503.70799589157
462,0,5.97593760490417,0,3509.68393349648
463,0,6.72139120101929,0,3516.40532469749
464,0,6.0853259563446,0,3522.49065065384
465,0,6.45489001274109,0,3528.94554066658
466,0,7.41672515869141,0,3536.36226582527
467,0,6.44268798828125,0,3542.80495381355
468,0,5.89557886123657,0,3548.70053267479
469,0,8.26969504356384,0,3556.97022771835
470,0,6.15895938873291,0,3563.12918710709
471,0,6.39992237091064,0,3569.529109478
472,0,5.86803579330444,0,3575.3971452713
473,0,6.64602947235107,0,3582.04317474365
474,0,6.14224910736084,0,3588.18542385101
475,0,6.22680711746216,0,3594.41223096848
476,0,6.26717114448547,0,3600.67940211296
477,0,9.95592069625854,0,3610.63532280922
478,0,6.33491349220276,0,3616.97023630142
479,0,6.12352824211121,0,3623.09376454353
480,0,6.45102882385254,0,3629.54479336739
481,0,5.76365089416504,0,3635.30844426155
482,0,5.95762419700623,0,3641.26606845856
483,0,6.45241069793701,0,3647.71847915649
484,0,6.17197275161743,0,3653.89045190811
485,0,6.09948897361755,0,3659.98994088173
486,0,6.64045739173889,0,3666.63039827347
487,0,7.10343551635742,0,3673.73383378983
488,0,6.17066717147827,0,3679.9045009613
489,0,6.02623701095581,0,3685.93073797226
490,0,6.01720571517944,0,3691.94794368744
491,0,6.11489295959473,0,3698.06283664703
492,0,6.61408090591431,0,3704.67691755295
493,0,6.09917426109314,0,3710.77609181404
494,0,6.08254313468933,0,3716.85863494873
495,0,6.15455031394958,0,3723.01318526268
496,0,7.31769108772278,0,3730.3308763504
497,0,5.86268758773804,0,3736.19356393814
498,0,7.81452345848083,0,3744.00808739662
499,0,6.25480556488037,0,3750.2628929615
500,0,6.98917055130005,0,3757.2520635128
501,0,6.55694890022278,0,3763.80901241302
502,0,6.50763058662415,0,3770.31664299965
503,0,6.23703050613403,0,3776.55367350578
504,0,7.75276303291321,0,3784.3064365387
505,0,6.38407850265503,0,3790.69051504135
506,0,6.00270795822144,0,3796.69322299957
507,0,6.3359899520874,0,3803.02921295166
508,0,7.06352210044861,0,3810.09273505211
509,0,5.95112228393555,0,3816.04385733604
510,0,5.5887463092804,0,3821.63260364532
511,0,5.62770938873291,0,3827.26031303406
512,0,8.41357827186584,0,3835.67389130592
513,0,6.21522879600525,0,3841.88912010193
514,0,6.13296484947205,0,3848.0220849514
515,0,6.43194198608398,0,3854.45402693748
516,0,6.16207051277161,0,3860.61609745026
517,0,7.47531580924988,0,3868.09141325951
518,0,6.20776462554932,0,3874.29917788506
519,0,6.55000472068787,0,3880.84918260574
520,0,6.16194725036621,0,3887.01112985611
521,0,6.39248275756836,0,3893.40361261368
522,0,6.15273642539978,0,3899.55634903908
523,0,6.38079762458801,0,3905.93714666367
524,0,6.48079609870911,0,3912.41794276237
525,0,6.19779062271118,0,3918.61573338509
526,0,6.27933406829834,0,3924.89506745338
527,0,8.80830073356628,0,3933.70336818695
528,0,8.04092311859131,0,3941.74429130554
529,0,6.65091967582703,0,3948.39521098137
530,0,6.54281187057495,0,3954.93802285194
531,0,6.48371839523315,0,3961.42174124718
532,0,6.70517325401306,0,3968.12691450119
533,0,6.06258869171143,0,3974.1895031929
534,0,6.22351264953613,0,3980.41301584244
535,0,5.94090747833252,0,3986.35392332077
536,0,5.91154074668884,0,3992.26546406746
537,0,7.27260851860046,0,3999.53807258606
538,0,6.2439067363739,0,4005.78197932243
539,0,6.71926379203796,0,4012.50124311447
540,0,6.24045085906982,0,4018.74169397354
541,0,6.08588981628418,0,4024.82758378983
542,0,6.10549807548523,0,4030.93308186531
543,0,6.02124619483948,0,4036.95432806015
544,0,5.87425112724304,0,4042.82857918739
545,0,5.95933127403259,0,4048.78791046143
546,0,6.33706426620483,0,4055.12497472763
547,0,5.90198802947998,0,4061.02696275711
548,0,9.54055047035217,0,4070.56751322746
549,0,7.08450317382812,0,4077.65201640129
550,0,6.55777406692505,0,4084.20979046822
551,0,8.26484823226929,0,4092.47463870049
552,0,6.41014671325684,0,4098.88478541374
553,0,6.90985417366028,0,4105.7946395874
554,0,5.95179104804993,0,4111.74643063545
555,0,6.18208074569702,0,4117.92851138115
556,0,5.9484498500824,0,4123.87696123123
557,0,6.22883296012878,0,4130.10579419136
558,0,6.14297103881836,0,4136.24876523018
559,0,6.23629212379456,0,4142.48505735397
560,0,6.29692363739014,0,4148.78198099136
561,0,6.19129371643066,0,4154.97327470779
562,0,6.16413259506226,0,4161.13740730286
563,0,6.1749415397644,0,4167.31234884262
564,0,6.19998335838318,0,4173.512332201
565,0,6.21319675445557,0,4179.72552895546
566,0,7.25042104721069,0,4186.97595000267
567,0,5.93578386306763,0,4192.91173386574
568,0,5.69518709182739,0,4198.60692095757
569,0,5.941565990448,0,4204.54848694801
570,0,6.20260238647461,0,4210.75108933449
571,0,6.25969195365906,0,4217.01078128815
572,0,6.21362853050232,0,4223.22440981865
573,0,7.96582722663879,0,4231.19023704529
574,0,7.62114524841309,0,4238.8113822937
575,0,6.20883846282959,0,4245.02022075653
576,0,6.36864304542542,0,4251.38886380196
577,0,6.42167711257935,0,4257.81054091454
578,0,6.1619279384613,0,4263.972468853
579,0,6.61174702644348,0,4270.58421587944
580,0,6.26716351509094,0,4276.85137939453
581,0,6.60591864585876,0,4283.45729804039
582,0,7.46647453308105,0,4290.92377257347
583,0,7.50944900512695,0,4298.4332215786
584,0,6.8407084941864,0,4305.27393007278
585,0,6.22250318527222,0,4311.49643325806
586,0,6.27799654006958,0,4317.77442979813
587,0,6.30447387695312,0,4324.07890367508
588,0,6.21526288986206,0,4330.29416656494
589,0,6.18946528434753,0,4336.48363184929
590,0,8.23255753517151,0,4344.71618938446
591,0,6.67383193969727,0,4351.39002132416
592,0,6.18785738945007,0,4357.57787871361
593,0,6.28003263473511,0,4363.85791134834
594,0,6.41326570510864,0,4370.27117705345
595,0,6.28508472442627,0,4376.55626177788
596,0,6.5463080406189,0,4383.1025698185
597,0,6.20011043548584,0,4389.30268025398
598,0,6.35710620880127,0,4395.65978646278
599,0,6.22035646438599,0,4401.88014292717
600,0,6.45753026008606,0,4408.33767318726
601,0,6.47044968605042,0,4414.80812287331
602,0,6.54001450538635,0,4421.34813737869
603,0,6.21536183357239,0,4427.56349921227
604,0,6.11733460426331,0,4433.68083381653
605,0,6.2600359916687,0,4439.9408698082
606,0,6.58654856681824,0,4446.52741837502
607,0,5.95274448394775,0,4452.48016285896
608,0,6.08123016357422,0,4458.56139302254
609,0,6.21319437026978,0,4464.77458739281
610,0,6.44280910491943,0,4471.21739649773
611,0,5.90572214126587,0,4477.12311863899
612,0,7.18789124488831,0,4484.31100988388
613,0,6.18387413024902,0,4490.49488401413
614,0,6.10840606689453,0,4496.60329008102
615,0,6.48089361190796,0,4503.08418369293
616,0,6.75318026542664,0,4509.83736395836
617,0,6.1991879940033,0,4516.03655195236
618,0,6.22814917564392,0,4522.26470112801
619,0,6.1356725692749,0,4528.40037369728
620,0,6.40283870697021,0,4534.80321240425
621,0,6.44421195983887,0,4541.24742436409
622,0,6.19264268875122,0,4547.44006705284
623,0,6.87511682510376,0,4554.31518387794
624,0,6.33215999603271,0,4560.64734387398
625,0,6.32874965667725,0,4566.97609353065
626,0,6.0566349029541,0,4573.03272843361
627,0,6.34093141555786,0,4579.37365984917
628,0,6.25118684768677,0,4585.62484669685
629,0,6.04996585845947,0,4591.67481255531
630,0,7.53480386734009,0,4599.20961642265
631,0,6.3575222492218,0,4605.56713867188
632,0,6.29817080497742,0,4611.86530947685
633,0,6.36104130744934,0,4618.2263507843
634,0,6.39801478385925,0,4624.62436556816
635,0,6.50039863586426,0,4631.12476420403
636,0,5.82117104530334,0,4636.94593524933
637,0,6.28347206115723,0,4643.22940731049
638,0,6.38182973861694,0,4649.6112370491
639,0,6.41519069671631,0,4656.02642774582
640,0,6.24685955047607,0,4662.2732872963
641,0,6.28298950195312,0,4668.55627679825
642,0,6.12612557411194,0,4674.68240237236
643,0,6.38986444473267,0,4681.07226681709
644,0,6.25853323936462,0,4687.33080005646
645,0,6.30594301223755,0,4693.6367430687
646,0,6.09470534324646,0,4699.73144841194
647,0,6.9267246723175,0,4706.65817308426
648,0,5.87228083610535,0,4712.53045392036
649,0,6.46785116195679,0,4718.99830508232
650,0,5.98930859565735,0,4724.98761367798
651,0,6.08303713798523,0,4731.07065081596
652,0,6.43271565437317,0,4737.50336647034
653,0,6.37811613082886,0,4743.88148260117
654,0,6.11129283905029,0,4749.99277544022
655,0,6.39470863342285,0,4756.38748407364
656,0,5.95884799957275,0,4762.34633207321
657,0,6.41780257225037,0,4768.76413464546
658,0,5.9268364906311,0,4774.69097113609
659,0,6.34659552574158,0,4781.03756666183
660,0,5.64637875556946,0,4786.6839454174
661,0,6.08607792854309,0,4792.77002334595
662,0,5.71801400184631,0,4798.48803734779
663,0,5.95808959007263,0,4804.44612693787
664,0,5.8154730796814,0,4810.26160001755
665,0,8.86205196380615,0,4819.12365198135
666,0,6.68489861488342,0,4825.80855059624
667,0,6.00922918319702,0,4831.81777977943
668,0,6.8303530216217,0,4838.64813280106
669,0,6.11853241920471,0,4844.76666522026
670,0,6.05238056182861,0,4850.81904578209
671,0,6.31506490707397,0,4857.13411068916
672,0,6.34802150726318,0,4863.48213219643
673,0,6.52867674827576,0,4870.0108089447
674,0,5.98176980018616,0,4875.99257874489
675,0,6.05204582214355,0,4882.04462456703
676,0,6.20790362358093,0,4888.25252819061
677,0,6.10327625274658,0,4894.35580444336
678,0,6.07671356201172,0,4900.43251800537
679,0,6.35323071479797,0,4906.78574872017
680,0,6.28593015670776,0,4913.07167887688
681,0,8.26379656791687,0,4921.33547544479
682,0,6.51055383682251,0,4927.84602928162
683,0,6.70780158042908,0,4934.55383086205
684,0,6.19461488723755,0,4940.74844574928
685,0,6.7376868724823,0,4947.48613262177
686,0,6.16734838485718,0,4953.65348100662
687,0,6.1075451374054,0,4959.76102614403
688,0,6.13520979881287,0,4965.89623594284
689,0,5.82367181777954,0,4971.71990776062
690,0,6.15451145172119,0,4977.87441921234
691,0,6.11193227767944,0,4983.98635149002
692,0,8.43514966964722,0,4992.42150115967
693,0,6.13219952583313,0,4998.5537006855
694,0,7.46087503433228,0,5006.01457571983
695,0,7.34056091308594,0,5013.35513663292
696,0,5.94218921661377,0,5019.29732584953
697,0,8.07396030426025,0,5027.37128615379
698,0,6.23600459098816,0,5033.60729074478
699,0,6.647620677948,0,5040.25491142273
700,0,6.1136531829834,0,5046.36856460571
701,0,7.57477998733521,0,5053.94334459305
702,0,6.12841153144836,0,5060.0717561245
703,0,5.8326199054718,0,5065.90437602997
704,0,5.97188830375671,0,5071.87626433372
705,0,6.40508460998535,0,5078.28134894371
706,0,5.96686506271362,0,5084.24821400642
707,0,6.07809972763062,0,5090.32631373405
708,0,6.35596704483032,0,5096.68228077888
709,0,6.30982899665833,0,5102.99210977554
710,0,7.80381727218628,0,5110.79592704773
711,0,6.23388695716858,0,5117.0298140049
712,0,6.42586421966553,0,5123.45567822456
713,0,6.0905077457428,0,5129.54618597031
714,0,6.16741871833801,0,5135.71360468864
715,0,5.94638991355896,0,5141.6599946022
716,0,6.21141481399536,0,5147.8714094162
717,0,6.06809854507446,0,5153.93950796127
718,0,5.94908690452576,0,5159.8885948658
719,0,6.26968502998352,0,5166.15827989578
720,0,7.85890531539917,0,5174.01718521118
721,0,8.63775110244751,0,5182.65493631363
722,0,7.03281664848328,0,5189.68775296211
723,0,6.14921975135803,0,5195.83697271347
724,0,6.44971966743469,0,5202.28669238091
725,0,6.23090577125549,0,5208.51759815216
726,0,6.30495119094849,0,5214.82254934311
727,0,6.22465372085571,0,5221.04720306396
728,0,6.01042342185974,0,5227.05762648582
729,0,6.17578482627869,0,5233.2334113121
730,0,6.05505418777466,0,5239.28846549988
731,0,6.10334587097168,0,5245.39181137085
732,0,6.48317980766296,0,5251.87499117851
733,0,6.22604894638062,0,5258.10104012489
734,0,6.37002205848694,0,5264.47106218338
735,0,7.39410066604614,0,5271.86516284943
736,0,8.39307713508606,0,5280.25823998451
737,0,6.22764492034912,0,5286.48588490486
738,0,5.84257984161377,0,5292.32846474648
739,0,6.01847410202026,0,5298.3469388485
740,0,5.9206440448761,0,5304.26758289337
741,0,8.12400984764099,0,5312.39159274101
742,0,6.50631928443909,0,5318.89791202545
743,0,6.27982640266418,0,5325.17773842812
744,0,6.11280417442322,0,5331.29054260254
745,0,6.97240257263184,0,5338.26294517517
746,0,7.56656098365784,0,5345.82950615883
747,0,6.36755299568176,0,5352.19705915451
748,0,6.65108799934387,0,5358.84814715385
749,0,6.68190336227417,0,5365.53005051613
750,0,6.11549234390259,0,5371.64554286003
751,0,7.68130564689636,0,5379.32684850693
752,0,5.95736455917358,0,5385.2842130661
753,0,6.09826612472534,0,5391.38247919083
754,0,6.0611047744751,0,5397.4435839653
755,0,6.19121670722961,0,5403.63480067253
756,0,6.65819835662842,0,5410.29299902916
757,0,6.06312823295593,0,5416.35612726212
758,0,6.23144555091858,0,5422.58757281303
759,0,7.07831120491028,0,5429.66588401794
760,0,6.08275032043457,0,5435.74863433838
761,0,5.91032600402832,0,5441.65896034241
762,0,6.3147759437561,0,5447.97373628616
763,0,5.95140552520752,0,5453.92514181137
764,0,6.47333645820618,0,5460.39847826958
765,0,5.91572761535645,0,5466.31420588493
766,0,6.27744007110596,0,5472.59164595604
767,0,6.14142251014709,0,5478.73306846619
768,0,6.27145433425903,0,5485.00452280045
769,0,6.10001826286316,0,5491.10454106331
770,0,6.26185464859009,0,5497.3663957119
771,0,6.08870673179626,0,5503.4551024437
772,0,6.25468564033508,0,5509.70978808403
773,0,6.22252297401428,0,5515.93231105804
774,0,6.29851078987122,0,5522.23082184792
775,0,6.77155470848083,0,5529.0023765564
776,0,6.22022032737732,0,5535.22259688377
777,0,6.41766047477722,0,5541.64025735855
778,0,6.3020920753479,0,5547.9423494339
779,0,7.80372834205627,0,5555.74607777596
780,0,6.6413426399231,0,5562.38742041588
781,0,5.99499201774597,0,5568.38241243362
782,0,6.18904399871826,0,5574.57145643234
783,0,6.4114146232605,0,5580.9828710556
784,0,6.18862366676331,0,5587.17149472237
785,0,5.93453192710876,0,5593.10602664948
786,0,6.11109566688538,0,5599.21712231636
787,0,6.00854682922363,0,5605.22566914558
788,0,6.38867425918579,0,5611.61434340477
789,0,7.75677967071533,0,5619.37112307549
790,0,6.28042793273926,0,5625.65155100822
791,0,6.54461550712585,0,5632.19616651535
792,0,6.05615186691284,0,5638.25231838226
793,0,6.59080147743225,0,5644.8431198597
794,0,6.38266181945801,0,5651.22578167915
795,0,6.27723956108093,0,5657.50302124023
796,0,7.00421643257141,0,5664.50723767281
797,0,6.53049063682556,0,5671.03772830963
798,0,5.90010285377502,0,5676.93783116341
799,0,6.29889130592346,0,5683.23672246933
800,0,6.32862114906311,0,5689.56534361839
801,0,6.50321507453918,0,5696.06855869293
802,0,6.27907991409302,0,5702.34763860703
803,0,6.26474738121033,0,5708.61238598824
804,0,6.18679857254028,0,5714.79918456078
805,0,7.18580222129822,0,5721.98498678207
806,0,6.20241594314575,0,5728.18740272522
807,0,6.3084237575531,0,5734.49582648277
808,0,6.35014200210571,0,5740.84596848488
809,0,9.36308431625366,0,5750.20905280113
810,0,6.09671592712402,0,5756.30576872826
811,0,6.00301337242126,0,5762.30878210068
812,0,6.03576302528381,0,5768.34454512596
813,0,6.03047728538513,0,5774.37502241135
814,0,6.56280922889709,0,5780.93783164024
815,0,7.64081454277039,0,5788.57864618301
816,0,7.36744141578674,0,5795.9460875988
817,0,6.09928607940674,0,5802.04537367821
818,0,6.25686478614807,0,5808.30223846436
819,0,6.1294412612915,0,5814.43167972565
820,0,6.44985127449036,0,5820.88153100014
821,0,5.9734423160553,0,5826.85497331619
822,0,6.34820055961609,0,5833.20317387581
823,0,6.44187664985657,0,5839.64505052567
824,0,6.23657512664795,0,5845.88162565231
825,0,5.95356202125549,0,5851.83518767357
826,0,6.2406895160675,0,5858.07587718964
827,0,5.91183757781982,0,5863.98771476746
828,0,5.84294486045837,0,5869.83065962791
829,0,6.33027243614197,0,5876.16093206406
830,0,5.91601729393005,0,5882.07694935799
831,0,6.86851811408997,0,5888.94546747208
832,0,6.86564588546753,0,5895.81111335754
833,0,6.30428433418274,0,5902.11539769173
834,0,6.16219425201416,0,5908.27759194374
835,0,6.34187698364258,0,5914.61946892738
836,0,6.26023721694946,0,5920.87970614433
837,0,6.70527267456055,0,5927.58497881889
838,0,6.57534837722778,0,5934.16032719612
839,0,6.44612145423889,0,5940.60644865036
840,0,6.18357372283936,0,5946.7900223732
841,0,6.39575624465942,0,5953.18577861786
842,0,6.31886267662048,0,5959.50464129448
843,0,6.01624703407288,0,5965.52088832855
844,0,6.2124936580658,0,5971.73338198662
845,0,6.12358093261719,0,5977.85696291924
846,0,6.47626328468323,0,5984.33322620392
847,0,5.8525664806366,0,5990.18579268456
848,0,6.08403992652893,0,5996.26983261108
849,0,6.42094969749451,0,6002.69078230858
850,0,6.05415844917297,0,6008.74494075775
851,0,6.88066530227661,0,6015.62560606003
852,0,6.35398387908936,0,6021.97958993912
853,0,6.60881423950195,0,6028.58840417862
854,0,5.94569683074951,0,6034.53410100937
855,0,6.50204467773438,0,6041.0361456871
856,0,6.1021876335144,0,6047.13833332062
857,0,6.03542971611023,0,6053.17376303673
858,0,6.0501537322998,0,6059.22391676903
859,0,5.9884717464447,0,6065.21238851547
860,0,5.7445592880249,0,6070.9569478035
861,0,6.42878150939941,0,6077.3857293129
862,0,6.03132247924805,0,6083.41705179214
863,0,6.01393866539001,0,6089.43099045753
864,0,6.20961952209473,0,6095.64060997963
865,0,7.08034062385559,0,6102.72095060349
866,0,6.1515519618988,0,6108.87250256538
867,0,6.59388637542725,0,6115.46638894081
868,0,6.00904178619385,0,6121.47543072701
869,0,7.50240564346313,0,6128.97783637047
870,0,6.74566245079041,0,6135.72349882126
871,0,6.00872921943665,0,6141.7322280407
872,0,5.97666716575623,0,6147.70889520645
873,0,6.00305533409119,0,6153.71195054054
874,0,6.03613877296448,0,6159.74808931351
875,0,6.08440518379211,0,6165.8324944973
876,0,5.97022366523743,0,6171.80271816254
877,0,6.44712781906128,0,6178.2498459816
878,0,5.86617732048035,0,6184.11602330208
879,0,6.25514316558838,0,6190.37116646767
880,0,6.06162905693054,0,6196.4327955246
881,0,6.37483930587769,0,6202.80763483047
882,0,6.39636015892029,0,6209.2039949894
883,0,6.66035008430481,0,6215.8643450737
884,0,6.60980916023254,0,6222.47415423393
885,0,6.16779685020447,0,6228.64195108414
886,0,6.03813076019287,0,6234.68008184433
887,0,6.09220099449158,0,6240.77228283882
888,0,6.36819815635681,0,6247.14048099518
889,0,6.49381685256958,0,6253.63429784775
890,0,6.01297926902771,0,6259.64727711678
891,0,6.34536933898926,0,6265.99264645576
892,0,6.75606369972229,0,6272.74871015549
893,0,6.28571367263794,0,6279.03442382812
894,0,6.07586693763733,0,6285.11029076576
895,0,5.90904784202576,0,6291.01933860779
896,0,6.18977046012878,0,6297.20910906792
897,0,6.0530686378479,0,6303.26217770576
898,0,7.11810088157654,0,6310.38027858734
899,0,6.92689323425293,0,6317.30717182159
900,0,6.95581912994385,0,6324.26299095154
901,0,6.10261058807373,0,6330.36560153961
902,0,6.51905012130737,0,6336.88465166092
903,0,6.41180157661438,0,6343.29645323753
904,0,6.4077742099762,0,6349.70422744751
905,0,6.37095475196838,0,6356.07518219948
906,0,6.19739198684692,0,6362.27257418633
907,0,8.53731751441956,0,6370.80989170074
908,0,6.24483847618103,0,6377.05473017693
909,0,6.707848072052,0,6383.76257824898
910,0,5.95929002761841,0,6389.7218682766
911,0,6.00566291809082,0,6395.72753119469
912,0,6.5129566192627,0,6402.24048781395
913,0,6.17409873008728,0,6408.41458654404
914,0,6.73964834213257,0,6415.15423488617
915,0,5.89292240142822,0,6421.0471572876
916,0,6.20940542221069,0,6427.25656270981
917,0,6.0816445350647,0,6433.33820724487
918,0,7.28241372108459,0,6440.62062096596
919,0,7.67875075340271,0,6448.29937171936
920,0,6.5137095451355,0,6454.8130812645
921,0,6.38227081298828,0,6461.19535207748
922,0,6.50602555274963,0,6467.70137763023
923,0,6.53148174285889,0,6474.23285937309
924,0,8.31943774223328,0,6482.55229711533
925,0,6.21506428718567,0,6488.76736140251
926,0,5.82511568069458,0,6494.59247708321
927,0,6.48400831222534,0,6501.07648539543
928,0,7.33004069328308,0,6508.40652608871
929,0,6.43456411361694,0,6514.84109020233
930,0,6.75425744056702,0,6521.5953476429
931,0,6.13425707817078,0,6527.72960472107
932,0,5.68789720535278,0,6533.41750192642
933,0,6.26469206809998,0,6539.68219399452
934,0,5.84014534950256,0,6545.52233934402
935,0,6.26416730880737,0,6551.78650665283
936,0,6.49846887588501,0,6558.28497552872
937,0,8.90968132019043,0,6567.19465684891
938,0,6.51398611068726,0,6573.70864295959
939,0,6.15903091430664,0,6579.8676738739
940,0,6.39050841331482,0,6586.25818228722
941,0,6.33810424804688,0,6592.59628653526
942,0,6.204434633255,0,6598.80072116852
943,0,6.24267053604126,0,6605.04339170456
944,0,7.41624450683594,0,6612.4596362114
945,0,6.09351944923401,0,6618.55315566063
946,0,6.46653842926025,0,6625.01969408989
947,0,5.93665766716003,0,6630.95635175705
948,0,6.94330096244812,0,6637.8996527195
949,0,6.24130249023438,0,6644.14095520973
950,0,6.73562359809875,0,6650.87657880783
951,0,6.12658762931824,0,6657.00316643715
952,0,6.36688017845154,0,6663.3700466156
953,0,6.47532725334167,0,6669.84537386894
954,0,6.20714688301086,0,6676.05252075195
955,0,6.06024932861328,0,6682.11277008057
956,0,6.33458137512207,0,6688.44735145569
957,0,5.85960865020752,0,6694.3069601059
958,0,6.34405255317688,0,6700.65101265907
959,0,5.9358057975769,0,6706.58681845665
960,0,6.01977038383484,0,6712.60658884048
961,0,6.06711935997009,0,6718.67370820045
962,0,6.08876705169678,0,6724.76247525215
963,0,6.15142917633057,0,6730.91390442848
964,0,7.7052366733551,0,6738.61914110184
965,0,7.38497519493103,0,6746.00411629677
966,0,6.38287997245789,0,6752.38699626923
967,0,6.01520156860352,0,6758.40219783783
968,0,6.3664116859436,0,6764.76860952377
969,0,6.21038222312927,0,6770.9789917469
970,0,6.21052527427673,0,6777.18951702118
971,0,6.29431986808777,0,6783.48383688927
972,0,6.4519944190979,0,6789.93583130836
973,0,6.52670741081238,0,6796.46253871918
974,0,6.36088395118713,0,6802.82342267036
975,0,6.15930819511414,0,6808.98273086548
976,0,6.48213696479797,0,6815.46486783028
977,0,6.38677477836609,0,6821.85164260864
978,0,6.24368190765381,0,6828.0953245163
979,0,6.20181226730347,0,6834.2971367836
980,0,6.40162110328674,0,6840.69875788689
981,0,6.27753782272339,0,6846.97629570961
982,0,6.32830262184143,0,6853.30459833145
983,0,6.38859033584595,0,6859.6931886673
984,0,6.4014744758606,0,6866.09466314316
985,0,6.23899793624878,0,6872.33366107941
986,0,7.64200854301453,0,6879.97566962242
987,0,6.41100263595581,0,6886.38667225838
988,0,6.20256018638611,0,6892.58923244476
989,0,6.42507457733154,0,6899.01430702209
990,0,6.36752843856812,0,6905.38183546066
991,0,6.54716825485229,0,6911.92900371552
992,0,5.7802357673645,0,6917.70923948288
993,0,6.00923728942871,0,6923.71847677231
994,0,6.19133758544922,0,6929.90981435776
995,0,6.59056305885315,0,6936.50037741661
996,0,6.03715205192566,0,6942.53752946854
997,0,5.98581051826477,0,6948.5233399868
998,0,6.23642325401306,0,6954.75976324081
999,0,6.34542059898376,0,6961.1051838398
1000,0,6.26814341545105,0,6967.37332725525
